Workbook

Sheet Plantas
A1: Espécie | B1: Nome comum | C1: Variedade | D1: Tipo Plantação | E1: Sementeira/Plantação | F1: Poda | G1: Floração | H1: Colheita | J1: ID | K1: Espécie | L1: Nome comum | M1: TipoCulturaID | R1: CULTURA: | S1: EspecieID | T1: Variedade | U1: CulturaID | V1: Designação
A2: Prunus domestica | B2: Ameixoeira | C2: RAINHA CLAUDIA CARANGUEJEIRA | D2: Permanente | F2: Novembro a dezembro | G2: Fevereiro a março | H2: Julho a agosto | J2: 1 | K2: {=_xlfn.UNIQUE(A2:B96)} -> Prunus domestica | L2: Ameixoeira | M2: 1 | S2: {=_xlfn.XLOOKUP(A2&B2,$K$2:$K$13&$L$2:$L$13,$J$2:$J$13)} -> 1 | T2: {=_xlfn.UNIQUE(C2:C96)} -> RAINHA CLAUDIA CARANGUEJEIRA | U2: 1 | V2: =_xlfn.CONCAT(B2," ",C2) -> Ameixoeira RAINHA CLAUDIA CARANGUEJEIRA | W2: ="INSERT INTO Cultura(CulturaID, Variedade, EspecieVegetalID, EpocaSementeiraPlantacao, EpocaPoda, EpocaFloracao, EpocaColheita) VALUES ("&U2&", '"&T2&"', "&S2&", '"&E2&"', '"&F2&"', '"&G2&"', '"&H2&"');" -> INSERT INTO Cultura(CulturaID, Variedade, EspecieVegetalID, EpocaSementeiraPlantacao, EpocaPoda, EpocaFloracao, EpocaColheita) VALUES (1, 'RAINHA CLAUDIA CARANGUEJEIRA', 1, '', 'Novembro a dezembro', 'Fevereiro a março', 'Julho a agosto'); | X2: 3
A3: Prunus domestica | B3: Ameixoeira | C3: PRESIDENT | D3: Permanente | F3: Novembro a dezembro | G3: Fevereiro a março | H3: Julho a agosto | J3: =1+J2 -> 2 | K3: Prunus armeniaca | L3: Damasqueiro | M3: 1 | S3: {=_xlfn.XLOOKUP(A3&B3,$K$2:$K$13&$L$2:$L$13,$J$2:$J$13)} -> 1 | T3: PRESIDENT | U3: 2 | V3: =_xlfn.CONCAT(B3," ",C3) -> Ameixoeira PRESIDENT | W3: ="INSERT INTO Cultura(CulturaID, Variedade, EspecieVegetalID, EpocaSementeiraPlantacao, EpocaPoda, EpocaFloracao, EpocaColheita) VALUES ("&U3&", '"&T3&"', "&S3&", '"&E3&"', '"&F3&"', '"&G3&"', '"&H3&"');" -> INSERT INTO Cultura(CulturaID, Variedade, EspecieVegetalID, EpocaSementeiraPlantacao, EpocaPoda, EpocaFloracao, EpocaColheita) VALUES (2, 'PRESIDENT', 1, '', 'Novembro a dezembro', 'Fevereiro a março', 'Julho a agosto');
A4: Prunus domestica | B4: Ameixoeira | C4: STANLEY | D4: Permanente | F4: Novembro a dezembro | G4: Fevereiro a março | H4: Julho a agosto | J4: =1+J3 -> 3 | K4: Malus domestica | L4: Macieira | M4: 1 | S4: {=_xlfn.XLOOKUP(A4&B4,$K$2:$K$13&$L$2:$L$13,$J$2:$J$13)} -> 1 | T4: STANLEY | U4: 3 | V4: =_xlfn.CONCAT(B4," ",C4) -> Ameixoeira STANLEY | W4: ="INSERT INTO Cultura(CulturaID, Variedade, EspecieVegetalID, EpocaSementeiraPlantacao, EpocaPoda, EpocaFloracao, EpocaColheita) VALUES ("&U4&", '"&T4&"', "&S4&", '"&E4&"', '"&F4&"', '"&G4&"', '"&H4&"');" -> INSERT INTO Cultura(CulturaID, Variedade, EspecieVegetalID, EpocaSementeiraPlantacao, EpocaPoda, EpocaFloracao, EpocaColheita) VALUES (3, 'STANLEY', 1, '', 'Novembro a dezembro', 'Fevereiro a março', 'Julho a agosto');
A5: Prunus domestica | B5: Ameixoeira | C5: ANGELENO | D5: Permanente | F5: Novembro a dezembro | G5: Fevereiro a março | H5: Julho a agosto | J5: =1+J4 -> 4 | K5: Pyrus pyrifolia | L5: Pera Nashi | M5: 1 | S5: {=_xlfn.XLOOKUP(A5&B5,$K$2:$K$13&$L$2:$L$13,$J$2:$J$13)} -> 1 | T5: ANGELENO | U5: 4 | V5: =_xlfn.CONCAT(B5," ",C5) -> Ameixoeira ANGELENO | W5: ="INSERT INTO Cultura(CulturaID, Variedade, EspecieVegetalID, EpocaSementeiraPlantacao, EpocaPoda, EpocaFloracao, EpocaColheita) VALUES ("&U5&", '"&T5&"', "&S5&", '"&E5&"', '"&F5&"', '"&G5&"', '"&H5&"');" -> INSERT INTO Cultura(CulturaID, Variedade, EspecieVegetalID, EpocaSementeiraPlantacao, EpocaPoda, EpocaFloracao, EpocaColheita) VALUES (4, 'ANGELENO', 1, '', 'Novembro a dezembro', 'Fevereiro a março', 'Julho a agosto');
A6: Prunus domestica | B6: Ameixoeira | C6: BLACK BEAUTY | D6: Permanente | F6: Novembro a dezembro | G6: Fevereiro a março | H6: Julho a agosto | J6: =1+J5 -> 5 | K6: Daucus carota subsp. Sativus | L6: Cenoura | M6: 2 | S6: {=_xlfn.XLOOKUP(A6&B6,$K$2:$K$13&$L$2:$L$13,$J$2:$J$13)} -> 1 | T6: BLACK BEAUTY | U6: 5 | V6: =_xlfn.CONCAT(B6," ",C6) -> Ameixoeira BLACK BEAUTY | W6: ="INSERT INTO Cultura(CulturaID, Variedade, EspecieVegetalID, EpocaSementeiraPlantacao, EpocaPoda, EpocaFloracao, EpocaColheita) VALUES ("&U6&", '"&T6&"', "&S6&", '"&E6&"', '"&F6&"', '"&G6&"', '"&H6&"');" -> INSERT INTO Cultura(CulturaID, Variedade, EspecieVegetalID, EpocaSementeiraPlantacao, EpocaPoda, EpocaFloracao, EpocaColheita) VALUES (5, 'BLACK BEAUTY', 1, '', 'Novembro a dezembro', 'Fevereiro a março', 'Julho a agosto');
A7: Prunus domestica | B7: Ameixoeira | C7: BLACK STAR | D7: Permanente | F7: Novembro a dezembro | G7: Fevereiro a março | H7: Julho a agosto | J7: =1+J6 -> 6 | K7: Lupinus luteus | L7: Tremoço | M7: 2 | S7: {=_xlfn.XLOOKUP(A7&B7,$K$2:$K$13&$L$2:$L$13,$J$2:$J$13)} -> 1 | T7: BLACK STAR | U7: 6 | V7: =_xlfn.CONCAT(B7," ",C7) -> Ameixoeira BLACK STAR | W7: ="INSERT INTO Cultura(CulturaID, Variedade, EspecieVegetalID, EpocaSementeiraPlantacao, EpocaPoda, EpocaFloracao, EpocaColheita) VALUES ("&U7&", '"&T7&"', "&S7&", '"&E7&"', '"&F7&"', '"&G7&"', '"&H7&"');" -> INSERT INTO Cultura(CulturaID, Variedade, EspecieVegetalID, EpocaSementeiraPlantacao, EpocaPoda, EpocaFloracao, EpocaColheita) VALUES (6, 'BLACK STAR', 1, '', 'Novembro a dezembro', 'Fevereiro a março', 'Julho a agosto');
A8: Prunus domestica | B8: Ameixoeira | C8: BLACK GOLD | D8: Permanente | F8: Novembro a dezembro | G8: Fevereiro a março | H8: Julho a agosto | J8: =1+J7 -> 7 | K8: Lupinus albus | L8: Tremoço | M8: 2 | S8: {=_xlfn.XLOOKUP(A8&B8,$K$2:$K$13&$L$2:$L$13,$J$2:$J$13)} -> 1 | T8: BLACK GOLD | U8: 7 | V8: =_xlfn.CONCAT(B8," ",C8) -> Ameixoeira BLACK GOLD | W8: ="INSERT INTO Cultura(CulturaID, Variedade, EspecieVegetalID, EpocaSementeiraPlantacao, EpocaPoda, EpocaFloracao, EpocaColheita) VALUES ("&U8&", '"&T8&"', "&S8&", '"&E8&"', '"&F8&"', '"&G8&"', '"&H8&"');" -> INSERT INTO Cultura(CulturaID, Variedade, EspecieVegetalID, EpocaSementeiraPlantacao, EpocaPoda, EpocaFloracao, EpocaColheita) VALUES (7, 'BLACK GOLD', 1, '', 'Novembro a dezembro', 'Fevereiro a março', 'Julho a agosto');
A9: Prunus domestica | B9: Ameixoeira | C9: BLACK DIAMOND | D9: Permanente | F9: Novembro a dezembro | G9: Fevereiro a março | H9: Julho a agosto | J9: =1+J8 -> 8 | K9: Zea mays | L9: Milho | M9: 2 | S9: {=_xlfn.XLOOKUP(A9&B9,$K$2:$K$13&$L$2:$L$13,$J$2:$J$13)} -> 1 | T9: BLACK DIAMOND | U9: 8 | V9: =_xlfn.CONCAT(B9," ",C9) -> Ameixoeira BLACK DIAMOND | W9: ="INSERT INTO Cultura(CulturaID, Variedade, EspecieVegetalID, EpocaSementeiraPlantacao, EpocaPoda, EpocaFloracao, EpocaColheita) VALUES ("&U9&", '"&T9&"', "&S9&", '"&E9&"', '"&F9&"', '"&G9&"', '"&H9&"');" -> INSERT INTO Cultura(CulturaID, Variedade, EspecieVegetalID, EpocaSementeiraPlantacao, EpocaPoda, EpocaFloracao, EpocaColheita) VALUES (8, 'BLACK DIAMOND', 1, '', 'Novembro a dezembro', 'Fevereiro a março', 'Julho a agosto');
A10: Prunus domestica | B10: Ameixoeira | C10: BLACK AMBER | D10: Permanente | F10: Novembro a dezembro | G10: Fevereiro a março | H10: Julho a agosto | J10: =1+J9 -> 9 | K10: Brassica rapa | L10: Nabo greleiro | M10: 2 | S10: {=_xlfn.XLOOKUP(A10&B10,$K$2:$K$13&$L$2:$L$13,$J$2:$J$13)} -> 1 | T10: BLACK AMBER | U10: 9 | V10: =_xlfn.CONCAT(B10," ",C10) -> Ameixoeira BLACK AMBER | W10: ="INSERT INTO Cultura(CulturaID, Variedade, EspecieVegetalID, EpocaSementeiraPlantacao, EpocaPoda, EpocaFloracao, EpocaColheita) VALUES ("&U10&", '"&T10&"', "&S10&", '"&E10&"', '"&F10&"', '"&G10&"', '"&H10&"');" -> INSERT INTO Cultura(CulturaID, Variedade, EspecieVegetalID, EpocaSementeiraPlantacao, EpocaPoda, EpocaFloracao, EpocaColheita) VALUES (9, 'BLACK AMBER', 1, '', 'Novembro a dezembro', 'Fevereiro a março', 'Julho a agosto');
A11: Prunus domestica | B11: Ameixoeira | C11: BLACK SPLENDOR | D11: Permanente | F11: Novembro a dezembro | G11: Fevereiro a março | H11: Julho a agosto | J11: =1+J10 -> 10 | K11: Olea europaea | L11: Oliveira | M11: 1 | S11: {=_xlfn.XLOOKUP(A11&B11,$K$2:$K$13&$L$2:$L$13,$J$2:$J$13)} -> 1 | T11: BLACK SPLENDOR | U11: 10 | V11: =_xlfn.CONCAT(B11," ",C11) -> Ameixoeira BLACK SPLENDOR | W11: ="INSERT INTO Cultura(CulturaID, Variedade, EspecieVegetalID, EpocaSementeiraPlantacao, EpocaPoda, EpocaFloracao, EpocaColheita) VALUES ("&U11&", '"&T11&"', "&S11&", '"&E11&"', '"&F11&"', '"&G11&"', '"&H11&"');" -> INSERT INTO Cultura(CulturaID, Variedade, EspecieVegetalID, EpocaSementeiraPlantacao, EpocaPoda, EpocaFloracao, EpocaColheita) VALUES (10, 'BLACK SPLENDOR', 1, '', 'Novembro a dezembro', 'Fevereiro a março', 'Julho a agosto');
A12: Prunus domestica | B12: Ameixoeira | C12: FORTUNA | D12: Permanente | F12: Novembro a dezembro | G12: Fevereiro a março | H12: Julho a agosto | J12: =1+J11 -> 11 | K12: Brassica rapa | L12: Nabo | M12: 2 | S12: {=_xlfn.XLOOKUP(A12&B12,$K$2:$K$13&$L$2:$L$13,$J$2:$J$13)} -> 1 | T12: FORTUNA | U12: 11 | V12: =_xlfn.CONCAT(B12," ",C12) -> Ameixoeira FORTUNA | W12: ="INSERT INTO Cultura(CulturaID, Variedade, EspecieVegetalID, EpocaSementeiraPlantacao, EpocaPoda, EpocaFloracao, EpocaColheita) VALUES ("&U12&", '"&T12&"', "&S12&", '"&E12&"', '"&F12&"', '"&G12&"', '"&H12&"');" -> INSERT INTO Cultura(CulturaID, Variedade, EspecieVegetalID, EpocaSementeiraPlantacao, EpocaPoda, EpocaFloracao, EpocaColheita) VALUES (11, 'FORTUNA', 1, '', 'Novembro a dezembro', 'Fevereiro a março', 'Julho a agosto');
A13: Prunus domestica | B13: Ameixoeira | C13: FRIAR | D13: Permanente | F13: Novembro a dezembro | G13: Fevereiro a março | H13: Julho a agosto | J13: =1+J12 -> 12 | K13: Vitis vinifera | L13: Videira | M13: =IF(K13=A96,J31,0) -> 1 | S13: {=_xlfn.XLOOKUP(A13&B13,$K$2:$K$13&$L$2:$L$13,$J$2:$J$13)} -> 1 | T13: FRIAR | U13: 12 | V13: =_xlfn.CONCAT(B13," ",C13) -> Ameixoeira FRIAR | W13: ="INSERT INTO Cultura(CulturaID, Variedade, EspecieVegetalID, EpocaSementeiraPlantacao, EpocaPoda, EpocaFloracao, EpocaColheita) VALUES ("&U13&", '"&T13&"', "&S13&", '"&E13&"', '"&F13&"', '"&G13&"', '"&H13&"');" -> INSERT INTO Cultura(CulturaID, Variedade, EspecieVegetalID, EpocaSementeiraPlantacao, EpocaPoda, EpocaFloracao, EpocaColheita) VALUES (12, 'FRIAR', 1, '', 'Novembro a dezembro', 'Fevereiro a março', 'Julho a agosto');
A14: Prunus domestica | B14: Ameixoeira | C14: EL DORADO | D14: Permanente | F14: Novembro a dezembro | G14: Fevereiro a março | H14: Julho a agosto | J14: Tabela EspecieVegetal | S14: {=_xlfn.XLOOKUP(A14&B14,$K$2:$K$13&$L$2:$L$13,$J$2:$J$13)} -> 1 | T14: EL DORADO | U14: 13 | V14: =_xlfn.CONCAT(B14," ",C14) -> Ameixoeira EL DORADO | W14: ="INSERT INTO Cultura(CulturaID, Variedade, EspecieVegetalID, EpocaSementeiraPlantacao, EpocaPoda, EpocaFloracao, EpocaColheita) VALUES ("&U14&", '"&T14&"', "&S14&", '"&E14&"', '"&F14&"', '"&G14&"', '"&H14&"');" -> INSERT INTO Cultura(CulturaID, Variedade, EspecieVegetalID, EpocaSementeiraPlantacao, EpocaPoda, EpocaFloracao, EpocaColheita) VALUES (13, 'EL DORADO', 1, '', 'Novembro a dezembro', 'Fevereiro a março', 'Julho a agosto');
A15: Prunus domestica | B15: Ameixoeira | C15: ELEPHANT HEART | D15: Permanente | F15: Novembro a dezembro | G15: Fevereiro a março | H15: Julho a agosto | J15: ="INSERT INTO EspecieVegetal (EspecieVegetalID, DesignacaoEspecie, NomeComum, TipoCulturaID) VALUES ("&J2&", '"&K2&"', '"&L2&"', "&M2&");" -> INSERT INTO EspecieVegetal (EspecieVegetalID, DesignacaoEspecie, NomeComum, TipoCulturaID) VALUES (1, 'Prunus domestica', 'Ameixoeira', 1); | R15: 2 | S15: {=_xlfn.XLOOKUP(A15&B15,$K$2:$K$13&$L$2:$L$13,$J$2:$J$13)} -> 1 | T15: ELEPHANT HEART | U15: 14 | V15: =_xlfn.CONCAT(B15," ",C15) -> Ameixoeira ELEPHANT HEART | W15: ="INSERT INTO Cultura(CulturaID, Variedade, EspecieVegetalID, EpocaSementeiraPlantacao, EpocaPoda, EpocaFloracao, EpocaColheita) VALUES ("&U15&", '"&T15&"', "&S15&", '"&E15&"', '"&F15&"', '"&G15&"', '"&H15&"');" -> INSERT INTO Cultura(CulturaID, Variedade, EspecieVegetalID, EpocaSementeiraPlantacao, EpocaPoda, EpocaFloracao, EpocaColheita) VALUES (14, 'ELEPHANT HEART', 1, '', 'Novembro a dezembro', 'Fevereiro a março', 'Julho a agosto');
A16: Prunus domestica | B16: Ameixoeira | C16: GOLDEN JAPAN | D16: Permanente | F16: Novembro a dezembro | G16: Fevereiro a março | H16: Julho a agosto | J16: ="INSERT INTO EspecieVegetal (EspecieVegetalID, DesignacaoEspecie, NomeComum, TipoCulturaID) VALUES ("&J3&", '"&K3&"', '"&L3&"', "&M3&");" -> INSERT INTO EspecieVegetal (EspecieVegetalID, DesignacaoEspecie, NomeComum, TipoCulturaID) VALUES (2, 'Prunus armeniaca', 'Damasqueiro', 1); | S16: {=_xlfn.XLOOKUP(A16&B16,$K$2:$K$13&$L$2:$L$13,$J$2:$J$13)} -> 1 | T16: GOLDEN JAPAN | U16: 15 | V16: =_xlfn.CONCAT(B16," ",C16) -> Ameixoeira GOLDEN JAPAN | W16: ="INSERT INTO Cultura(CulturaID, Variedade, EspecieVegetalID, EpocaSementeiraPlantacao, EpocaPoda, EpocaFloracao, EpocaColheita) VALUES ("&U16&", '"&T16&"', "&S16&", '"&E16&"', '"&F16&"', '"&G16&"', '"&H16&"');" -> INSERT INTO Cultura(CulturaID, Variedade, EspecieVegetalID, EpocaSementeiraPlantacao, EpocaPoda, EpocaFloracao, EpocaColheita) VALUES (15, 'GOLDEN JAPAN', 1, '', 'Novembro a dezembro', 'Fevereiro a março', 'Julho a agosto');
A17: Prunus domestica | B17: Ameixoeira | C17: HARRY PITCHON | D17: Permanente | F17: Novembro a dezembro | G17: Fevereiro a março | H17: Julho a agosto | J17: ="INSERT INTO EspecieVegetal (EspecieVegetalID, DesignacaoEspecie, NomeComum, TipoCulturaID) VALUES ("&J4&", '"&K4&"', '"&L4&"', "&M4&");" -> INSERT INTO EspecieVegetal (EspecieVegetalID, DesignacaoEspecie, NomeComum, TipoCulturaID) VALUES (3, 'Malus domestica', 'Macieira', 1); | S17: {=_xlfn.XLOOKUP(A17&B17,$K$2:$K$13&$L$2:$L$13,$J$2:$J$13)} -> 1 | T17: HARRY PITCHON | U17: 16 | V17: =_xlfn.CONCAT(B17," ",C17) -> Ameixoeira HARRY PITCHON | W17: ="INSERT INTO Cultura(CulturaID, Variedade, EspecieVegetalID, EpocaSementeiraPlantacao, EpocaPoda, EpocaFloracao, EpocaColheita) VALUES ("&U17&", '"&T17&"', "&S17&", '"&E17&"', '"&F17&"', '"&G17&"', '"&H17&"');" -> INSERT INTO Cultura(CulturaID, Variedade, EspecieVegetalID, EpocaSementeiraPlantacao, EpocaPoda, EpocaFloracao, EpocaColheita) VALUES (16, 'HARRY PITCHON', 1, '', 'Novembro a dezembro', 'Fevereiro a março', 'Julho a agosto');
A18: Prunus domestica | B18: Ameixoeira | C18: LAETITIA | D18: Permanente | F18: Novembro a dezembro | G18: Fevereiro a março | H18: Julho a agosto | J18: ="INSERT INTO EspecieVegetal (EspecieVegetalID, DesignacaoEspecie, NomeComum, TipoCulturaID) VALUES ("&J5&", '"&K5&"', '"&L5&"', "&M5&");" -> INSERT INTO EspecieVegetal (EspecieVegetalID, DesignacaoEspecie, NomeComum, TipoCulturaID) VALUES (4, 'Pyrus pyrifolia', 'Pera Nashi', 1); | S18: {=_xlfn.XLOOKUP(A18&B18,$K$2:$K$13&$L$2:$L$13,$J$2:$J$13)} -> 1 | T18: LAETITIA | U18: 17 | V18: =_xlfn.CONCAT(B18," ",C18) -> Ameixoeira LAETITIA | W18: ="INSERT INTO Cultura(CulturaID, Variedade, EspecieVegetalID, EpocaSementeiraPlantacao, EpocaPoda, EpocaFloracao, EpocaColheita) VALUES ("&U18&", '"&T18&"', "&S18&", '"&E18&"', '"&F18&"', '"&G18&"', '"&H18&"');" -> INSERT INTO Cultura(CulturaID, Variedade, EspecieVegetalID, EpocaSementeiraPlantacao, EpocaPoda, EpocaFloracao, EpocaColheita) VALUES (17, 'LAETITIA', 1, '', 'Novembro a dezembro', 'Fevereiro a março', 'Julho a agosto');
A19: Prunus domestica | B19: Ameixoeira | C19: METLEY | D19: Permanente | F19: Novembro a dezembro | G19: Fevereiro a março | H19: Julho a agosto | J19: ="INSERT INTO EspecieVegetal (EspecieVegetalID, DesignacaoEspecie, NomeComum, TipoCulturaID) VALUES ("&J6&", '"&K6&"', '"&L6&"', "&M6&");" -> INSERT INTO EspecieVegetal (EspecieVegetalID, DesignacaoEspecie, NomeComum, TipoCulturaID) VALUES (5, 'Daucus carota subsp. Sativus', 'Cenoura', 2); | S19: {=_xlfn.XLOOKUP(A19&B19,$K$2:$K$13&$L$2:$L$13,$J$2:$J$13)} -> 1 | T19: METLEY | U19: 18 | V19: =_xlfn.CONCAT(B19," ",C19) -> Ameixoeira METLEY | W19: ="INSERT INTO Cultura(CulturaID, Variedade, EspecieVegetalID, EpocaSementeiraPlantacao, EpocaPoda, EpocaFloracao, EpocaColheita) VALUES ("&U19&", '"&T19&"', "&S19&", '"&E19&"', '"&F19&"', '"&G19&"', '"&H19&"');" -> INSERT INTO Cultura(CulturaID, Variedade, EspecieVegetalID, EpocaSementeiraPlantacao, EpocaPoda, EpocaFloracao, EpocaColheita) VALUES (18, 'METLEY', 1, '', 'Novembro a dezembro', 'Fevereiro a março', 'Julho a agosto');
A20: Prunus domestica | B20: Ameixoeira | C20: MIRABELLE DE NANCY | D20: Permanente | F20: Novembro a dezembro | G20: Fevereiro a março | H20: Julho a agosto | J20: ="INSERT INTO EspecieVegetal (EspecieVegetalID, DesignacaoEspecie, NomeComum, TipoCulturaID) VALUES ("&J7&", '"&K7&"', '"&L7&"', "&M7&");" -> INSERT INTO EspecieVegetal (EspecieVegetalID, DesignacaoEspecie, NomeComum, TipoCulturaID) VALUES (6, 'Lupinus luteus', 'Tremoço', 2); | S20: {=_xlfn.XLOOKUP(A20&B20,$K$2:$K$13&$L$2:$L$13,$J$2:$J$13)} -> 1 | T20: MIRABELLE DE NANCY | U20: 19 | V20: =_xlfn.CONCAT(B20," ",C20) -> Ameixoeira MIRABELLE DE NANCY | W20: ="INSERT INTO Cultura(CulturaID, Variedade, EspecieVegetalID, EpocaSementeiraPlantacao, EpocaPoda, EpocaFloracao, EpocaColheita) VALUES ("&U20&", '"&T20&"', "&S20&", '"&E20&"', '"&F20&"', '"&G20&"', '"&H20&"');" -> INSERT INTO Cultura(CulturaID, Variedade, EspecieVegetalID, EpocaSementeiraPlantacao, EpocaPoda, EpocaFloracao, EpocaColheita) VALUES (19, 'MIRABELLE DE NANCY', 1, '', 'Novembro a dezembro', 'Fevereiro a março', 'Julho a agosto');
A21: Prunus domestica | B21: Ameixoeira | C21: QUEEN ROSE | D21: Permanente | F21: Novembro a dezembro | G21: Fevereiro a março | H21: Julho a agosto | J21: ="INSERT INTO EspecieVegetal (EspecieVegetalID, DesignacaoEspecie, NomeComum, TipoCulturaID) VALUES ("&J8&", '"&K8&"', '"&L8&"', "&M8&");" -> INSERT INTO EspecieVegetal (EspecieVegetalID, DesignacaoEspecie, NomeComum, TipoCulturaID) VALUES (7, 'Lupinus albus', 'Tremoço', 2); | S21: {=_xlfn.XLOOKUP(A21&B21,$K$2:$K$13&$L$2:$L$13,$J$2:$J$13)} -> 1 | T21: QUEEN ROSE | U21: 20 | V21: =_xlfn.CONCAT(B21," ",C21) -> Ameixoeira QUEEN ROSE | W21: ="INSERT INTO Cultura(CulturaID, Variedade, EspecieVegetalID, EpocaSementeiraPlantacao, EpocaPoda, EpocaFloracao, EpocaColheita) VALUES ("&U21&", '"&T21&"', "&S21&", '"&E21&"', '"&F21&"', '"&G21&"', '"&H21&"');" -> INSERT INTO Cultura(CulturaID, Variedade, EspecieVegetalID, EpocaSementeiraPlantacao, EpocaPoda, EpocaFloracao, EpocaColheita) VALUES (20, 'QUEEN ROSE', 1, '', 'Novembro a dezembro', 'Fevereiro a março', 'Julho a agosto');
A22: Prunus domestica | B22: Ameixoeira | C22: RED BEAUT | D22: Permanente | F22: Novembro a dezembro | G22: Fevereiro a março | H22: Julho a agosto | J22: ="INSERT INTO EspecieVegetal (EspecieVegetalID, DesignacaoEspecie, NomeComum, TipoCulturaID) VALUES ("&J9&", '"&K9&"', '"&L9&"', "&M9&");" -> INSERT INTO EspecieVegetal (EspecieVegetalID, DesignacaoEspecie, NomeComum, TipoCulturaID) VALUES (8, 'Zea mays', 'Milho', 2); | S22: {=_xlfn.XLOOKUP(A22&B22,$K$2:$K$13&$L$2:$L$13,$J$2:$J$13)} -> 1 | T22: RED BEAUT | U22: 21 | V22: =_xlfn.CONCAT(B22," ",C22) -> Ameixoeira RED BEAUT | W22: ="INSERT INTO Cultura(CulturaID, Variedade, EspecieVegetalID, EpocaSementeiraPlantacao, EpocaPoda, EpocaFloracao, EpocaColheita) VALUES ("&U22&", '"&T22&"', "&S22&", '"&E22&"', '"&F22&"', '"&G22&"', '"&H22&"');" -> INSERT INTO Cultura(CulturaID, Variedade, EspecieVegetalID, EpocaSementeiraPlantacao, EpocaPoda, EpocaFloracao, EpocaColheita) VALUES (21, 'RED BEAUT', 1, '', 'Novembro a dezembro', 'Fevereiro a março', 'Julho a agosto');
A23: Prunus domestica | B23: Ameixoeira | C23: SANTA ROSA | D23: Permanente | F23: Novembro a dezembro | G23: Fevereiro a março | H23: Julho a agosto | J23: ="INSERT INTO EspecieVegetal (EspecieVegetalID, DesignacaoEspecie, NomeComum, TipoCulturaID) VALUES ("&J10&", '"&K10&"', '"&L10&"', "&M10&");" -> INSERT INTO EspecieVegetal (EspecieVegetalID, DesignacaoEspecie, NomeComum, TipoCulturaID) VALUES (9, 'Brassica rapa', 'Nabo greleiro', 2); | S23: {=_xlfn.XLOOKUP(A23&B23,$K$2:$K$13&$L$2:$L$13,$J$2:$J$13)} -> 1 | T23: SANTA ROSA | U23: 22 | V23: =_xlfn.CONCAT(B23," ",C23) -> Ameixoeira SANTA ROSA | W23: ="INSERT INTO Cultura(CulturaID, Variedade, EspecieVegetalID, EpocaSementeiraPlantacao, EpocaPoda, EpocaFloracao, EpocaColheita) VALUES ("&U23&", '"&T23&"', "&S23&", '"&E23&"', '"&F23&"', '"&G23&"', '"&H23&"');" -> INSERT INTO Cultura(CulturaID, Variedade, EspecieVegetalID, EpocaSementeiraPlantacao, EpocaPoda, EpocaFloracao, EpocaColheita) VALUES (22, 'SANTA ROSA', 1, '', 'Novembro a dezembro', 'Fevereiro a março', 'Julho a agosto');
A24: Prunus domestica | B24: Ameixoeira | C24: SHIRO | D24: Permanente | F24: Novembro a dezembro | G24: Fevereiro a março | H24: Julho a agosto | J24: ="INSERT INTO EspecieVegetal (EspecieVegetalID, DesignacaoEspecie, NomeComum, TipoCulturaID) VALUES ("&J11&", '"&K11&"', '"&L11&"', "&M11&");" -> INSERT INTO EspecieVegetal (EspecieVegetalID, DesignacaoEspecie, NomeComum, TipoCulturaID) VALUES (10, 'Olea europaea', 'Oliveira', 1); | S24: {=_xlfn.XLOOKUP(A24&B24,$K$2:$K$13&$L$2:$L$13,$J$2:$J$13)} -> 1 | T24: SHIRO | U24: 23 | V24: =_xlfn.CONCAT(B24," ",C24) -> Ameixoeira SHIRO | W24: ="INSERT INTO Cultura(CulturaID, Variedade, EspecieVegetalID, EpocaSementeiraPlantacao, EpocaPoda, EpocaFloracao, EpocaColheita) VALUES ("&U24&", '"&T24&"', "&S24&", '"&E24&"', '"&F24&"', '"&G24&"', '"&H24&"');" -> INSERT INTO Cultura(CulturaID, Variedade, EspecieVegetalID, EpocaSementeiraPlantacao, EpocaPoda, EpocaFloracao, EpocaColheita) VALUES (23, 'SHIRO', 1, '', 'Novembro a dezembro', 'Fevereiro a março', 'Julho a agosto');
A25: Prunus domestica | B25: Ameixoeira | C25: SUNGOLD | D25: Permanente | F25: Novembro a dezembro | G25: Fevereiro a março | H25: Julho a agosto | J25: ="INSERT INTO EspecieVegetal (EspecieVegetalID, DesignacaoEspecie, NomeComum, TipoCulturaID) VALUES ("&J12&", '"&K12&"', '"&L12&"', "&M12&");" -> INSERT INTO EspecieVegetal (EspecieVegetalID, DesignacaoEspecie, NomeComum, TipoCulturaID) VALUES (11, 'Brassica rapa', 'Nabo', 2); | S25: {=_xlfn.XLOOKUP(A25&B25,$K$2:$K$13&$L$2:$L$13,$J$2:$J$13)} -> 1 | T25: SUNGOLD | U25: 24 | V25: =_xlfn.CONCAT(B25," ",C25) -> Ameixoeira SUNGOLD | W25: ="INSERT INTO Cultura(CulturaID, Variedade, EspecieVegetalID, EpocaSementeiraPlantacao, EpocaPoda, EpocaFloracao, EpocaColheita) VALUES ("&U25&", '"&T25&"', "&S25&", '"&E25&"', '"&F25&"', '"&G25&"', '"&H25&"');" -> INSERT INTO Cultura(CulturaID, Variedade, EspecieVegetalID, EpocaSementeiraPlantacao, EpocaPoda, EpocaFloracao, EpocaColheita) VALUES (24, 'SUNGOLD', 1, '', 'Novembro a dezembro', 'Fevereiro a março', 'Julho a agosto');
A26: Prunus domestica | B26: Ameixoeira | C26: WILSON PERFECTION | D26: Permanente | F26: Novembro a dezembro | G26: Fevereiro a março | H26: Julho a agosto | J26: ="INSERT INTO EspecieVegetal (EspecieVegetalID, DesignacaoEspecie, NomeComum, TipoCulturaID) VALUES ("&J13&", '"&K13&"', '"&L13&"', "&M13&");" -> INSERT INTO EspecieVegetal (EspecieVegetalID, DesignacaoEspecie, NomeComum, TipoCulturaID) VALUES (12, 'Vitis vinifera', 'Videira', 1); | S26: {=_xlfn.XLOOKUP(A26&B26,$K$2:$K$13&$L$2:$L$13,$J$2:$J$13)} -> 1 | T26: WILSON PERFECTION | U26: 25 | V26: =_xlfn.CONCAT(B26," ",C26) -> Ameixoeira WILSON PERFECTION | W26: ="INSERT INTO Cultura(CulturaID, Variedade, EspecieVegetalID, EpocaSementeiraPlantacao, EpocaPoda, EpocaFloracao, EpocaColheita) VALUES ("&U26&", '"&T26&"', "&S26&", '"&E26&"', '"&F26&"', '"&G26&"', '"&H26&"');" -> INSERT INTO Cultura(CulturaID, Variedade, EspecieVegetalID, EpocaSementeiraPlantacao, EpocaPoda, EpocaFloracao, EpocaColheita) VALUES (25, 'WILSON PERFECTION', 1, '', 'Novembro a dezembro', 'Fevereiro a março', 'Julho a agosto');
A27: Prunus domestica | B27: Ameixoeira | C27: AUTUMN GIANT | D27: Permanente | F27: Novembro a dezembro | G27: Fevereiro a março | H27: Julho a agosto | S27: {=_xlfn.XLOOKUP(A27&B27,$K$2:$K$13&$L$2:$L$13,$J$2:$J$13)} -> 1 | T27: AUTUMN GIANT | U27: 26 | V27: =_xlfn.CONCAT(B27," ",C27) -> Ameixoeira AUTUMN GIANT | W27: ="INSERT INTO Cultura(CulturaID, Variedade, EspecieVegetalID, EpocaSementeiraPlantacao, EpocaPoda, EpocaFloracao, EpocaColheita) VALUES ("&U27&", '"&T27&"', "&S27&", '"&E27&"', '"&F27&"', '"&G27&"', '"&H27&"');" -> INSERT INTO Cultura(CulturaID, Variedade, EspecieVegetalID, EpocaSementeiraPlantacao, EpocaPoda, EpocaFloracao, EpocaColheita) VALUES (26, 'AUTUMN GIANT', 1, '', 'Novembro a dezembro', 'Fevereiro a março', 'Julho a agosto');
A28: Prunus armeniaca | B28: Damasqueiro | C28: BULIDA | D28: Permanente | F28: Novembro a dezembro | G28: Fevereiro a março | H28: Julho a agosto | S28: {=_xlfn.XLOOKUP(A28&B28,$K$2:$K$13&$L$2:$L$13,$J$2:$J$13)} -> 2 | T28: BULIDA | U28: 27 | V28: =_xlfn.CONCAT(B28," ",C28) -> Damasqueiro BULIDA | W28: ="INSERT INTO Cultura(CulturaID, Variedade, EspecieVegetalID, EpocaSementeiraPlantacao, EpocaPoda, EpocaFloracao, EpocaColheita) VALUES ("&U28&", '"&T28&"', "&S28&", '"&E28&"', '"&F28&"', '"&G28&"', '"&H28&"');" -> INSERT INTO Cultura(CulturaID, Variedade, EspecieVegetalID, EpocaSementeiraPlantacao, EpocaPoda, EpocaFloracao, EpocaColheita) VALUES (27, 'BULIDA', 2, '', 'Novembro a dezembro', 'Fevereiro a março', 'Julho a agosto');
A29: Prunus armeniaca | B29: Damasqueiro | C29: CANINO | D29: Permanente | F29: Novembro a dezembro | G29: Fevereiro a março | H29: Julho a agosto | J29: TipoCultura | S29: {=_xlfn.XLOOKUP(A29&B29,$K$2:$K$13&$L$2:$L$13,$J$2:$J$13)} -> 2 | T29: CANINO | U29: 28 | V29: =_xlfn.CONCAT(B29," ",C29) -> Damasqueiro CANINO | W29: ="INSERT INTO Cultura(CulturaID, Variedade, EspecieVegetalID, EpocaSementeiraPlantacao, EpocaPoda, EpocaFloracao, EpocaColheita) VALUES ("&U29&", '"&T29&"', "&S29&", '"&E29&"', '"&F29&"', '"&G29&"', '"&H29&"');" -> INSERT INTO Cultura(CulturaID, Variedade, EspecieVegetalID, EpocaSementeiraPlantacao, EpocaPoda, EpocaFloracao, EpocaColheita) VALUES (28, 'CANINO', 2, '', 'Novembro a dezembro', 'Fevereiro a março', 'Julho a agosto');
A30: Prunus armeniaca | B30: Damasqueiro | C30: LIABAUD | D30: Permanente | F30: Novembro a dezembro | G30: Fevereiro a março | H30: Julho a agosto | J30: TipoCulturaID | K30: DesignaçãoTipoCultura | S30: {=_xlfn.XLOOKUP(A30&B30,$K$2:$K$13&$L$2:$L$13,$J$2:$J$13)} -> 2 | T30: LIABAUD | U30: 29 | V30: =_xlfn.CONCAT(B30," ",C30) -> Damasqueiro LIABAUD | W30: ="INSERT INTO Cultura(CulturaID, Variedade, EspecieVegetalID, EpocaSementeiraPlantacao, EpocaPoda, EpocaFloracao, EpocaColheita) VALUES ("&U30&", '"&T30&"', "&S30&", '"&E30&"', '"&F30&"', '"&G30&"', '"&H30&"');" -> INSERT INTO Cultura(CulturaID, Variedade, EspecieVegetalID, EpocaSementeiraPlantacao, EpocaPoda, EpocaFloracao, EpocaColheita) VALUES (29, 'LIABAUD', 2, '', 'Novembro a dezembro', 'Fevereiro a março', 'Julho a agosto');
A31: Prunus armeniaca | B31: Damasqueiro | C31: MAILLOT JAUNE | D31: Permanente | F31: Novembro a dezembro | G31: Fevereiro a março | H31: Julho a agosto | J31: 1 | K31: {=_xlfn.UNIQUE(D2:D96)} -> Permanente | S31: {=_xlfn.XLOOKUP(A31&B31,$K$2:$K$13&$L$2:$L$13,$J$2:$J$13)} -> 2 | T31: MAILLOT JAUNE | U31: 30 | V31: =_xlfn.CONCAT(B31," ",C31) -> Damasqueiro MAILLOT JAUNE | W31: ="INSERT INTO Cultura(CulturaID, Variedade, EspecieVegetalID, EpocaSementeiraPlantacao, EpocaPoda, EpocaFloracao, EpocaColheita) VALUES ("&U31&", '"&T31&"', "&S31&", '"&E31&"', '"&F31&"', '"&G31&"', '"&H31&"');" -> INSERT INTO Cultura(CulturaID, Variedade, EspecieVegetalID, EpocaSementeiraPlantacao, EpocaPoda, EpocaFloracao, EpocaColheita) VALUES (30, 'MAILLOT JAUNE', 2, '', 'Novembro a dezembro', 'Fevereiro a março', 'Julho a agosto');
A32: Prunus armeniaca | B32: Damasqueiro | C32: POLONAIS | D32: Permanente | F32: Novembro a dezembro | G32: Fevereiro a março | H32: Julho a agosto | J32: 2 | K32: Temporária | S32: {=_xlfn.XLOOKUP(A32&B32,$K$2:$K$13&$L$2:$L$13,$J$2:$J$13)} -> 2 | T32: POLONAIS | U32: 31 | V32: =_xlfn.CONCAT(B32," ",C32) -> Damasqueiro POLONAIS | W32: ="INSERT INTO Cultura(CulturaID, Variedade, EspecieVegetalID, EpocaSementeiraPlantacao, EpocaPoda, EpocaFloracao, EpocaColheita) VALUES ("&U32&", '"&T32&"', "&S32&", '"&E32&"', '"&F32&"', '"&G32&"', '"&H32&"');" -> INSERT INTO Cultura(CulturaID, Variedade, EspecieVegetalID, EpocaSementeiraPlantacao, EpocaPoda, EpocaFloracao, EpocaColheita) VALUES (31, 'POLONAIS', 2, '', 'Novembro a dezembro', 'Fevereiro a março', 'Julho a agosto');
A33: Malus domestica | B33: Macieira | C33: AKANE | D33: Permanente | F33: Novembro a dezembro | G33: Março a abril | H33: Agosto a setembro | J33: ="INSERT INTO TipoCultura(TipoCulturaID, DesignacaoTipoCultura) VALUES ("&J31&", '"&K31&"');" -> INSERT INTO TipoCultura(TipoCulturaID, DesignacaoTipoCultura) VALUES (1, 'Permanente'); | P33: 1 | S33: {=_xlfn.XLOOKUP(A33&B33,$K$2:$K$13&$L$2:$L$13,$J$2:$J$13)} -> 3 | T33: AKANE | U33: 32 | V33: =_xlfn.CONCAT(B33," ",C33) -> Macieira AKANE | W33: ="INSERT INTO Cultura(CulturaID, Variedade, EspecieVegetalID, EpocaSementeiraPlantacao, EpocaPoda, EpocaFloracao, EpocaColheita) VALUES ("&U33&", '"&T33&"', "&S33&", '"&E33&"', '"&F33&"', '"&G33&"', '"&H33&"');" -> INSERT INTO Cultura(CulturaID, Variedade, EspecieVegetalID, EpocaSementeiraPlantacao, EpocaPoda, EpocaFloracao, EpocaColheita) VALUES (32, 'AKANE', 3, '', 'Novembro a dezembro', 'Março a abril', 'Agosto a setembro');
A34: Malus domestica | B34: Macieira | C34: BELGOLDEN | D34: Permanente | F34: Novembro a dezembro | G34: Março a abril | H34: Agosto a setembro | J34: ="INSERT INTO TipoCultura(TipoCulturaID, DesignacaoTipoCultura) VALUES ("&J32&", '"&K32&"');" -> INSERT INTO TipoCultura(TipoCulturaID, DesignacaoTipoCultura) VALUES (2, 'Temporária'); | S34: {=_xlfn.XLOOKUP(A34&B34,$K$2:$K$13&$L$2:$L$13,$J$2:$J$13)} -> 3 | T34: BELGOLDEN | U34: 33 | V34: =_xlfn.CONCAT(B34," ",C34) -> Macieira BELGOLDEN | W34: ="INSERT INTO Cultura(CulturaID, Variedade, EspecieVegetalID, EpocaSementeiraPlantacao, EpocaPoda, EpocaFloracao, EpocaColheita) VALUES ("&U34&", '"&T34&"', "&S34&", '"&E34&"', '"&F34&"', '"&G34&"', '"&H34&"');" -> INSERT INTO Cultura(CulturaID, Variedade, EspecieVegetalID, EpocaSementeiraPlantacao, EpocaPoda, EpocaFloracao, EpocaColheita) VALUES (33, 'BELGOLDEN', 3, '', 'Novembro a dezembro', 'Março a abril', 'Agosto a setembro');
A35: Malus domestica | B35: Macieira | C35: BRAVO DE ESMOLFE | D35: Permanente | F35: Novembro a dezembro | G35: Março a abril | H35: Agosto a setembro | S35: {=_xlfn.XLOOKUP(A35&B35,$K$2:$K$13&$L$2:$L$13,$J$2:$J$13)} -> 3 | T35: BRAVO DE ESMOLFE | U35: 34 | V35: =_xlfn.CONCAT(B35," ",C35) -> Macieira BRAVO DE ESMOLFE | W35: ="INSERT INTO Cultura(CulturaID, Variedade, EspecieVegetalID, EpocaSementeiraPlantacao, EpocaPoda, EpocaFloracao, EpocaColheita) VALUES ("&U35&", '"&T35&"', "&S35&", '"&E35&"', '"&F35&"', '"&G35&"', '"&H35&"');" -> INSERT INTO Cultura(CulturaID, Variedade, EspecieVegetalID, EpocaSementeiraPlantacao, EpocaPoda, EpocaFloracao, EpocaColheita) VALUES (34, 'BRAVO DE ESMOLFE', 3, '', 'Novembro a dezembro', 'Março a abril', 'Agosto a setembro');
A36: Malus domestica | B36: Macieira | C36: CASA NOVA DE ALCOBAÇA | D36: Permanente | F36: Novembro a dezembro | G36: Março a abril | H36: Agosto a setembro | S36: {=_xlfn.XLOOKUP(A36&B36,$K$2:$K$13&$L$2:$L$13,$J$2:$J$13)} -> 3 | T36: CASA NOVA DE ALCOBAÇA | U36: 35 | V36: =_xlfn.CONCAT(B36," ",C36) -> Macieira CASA NOVA DE ALCOBAÇA | W36: ="INSERT INTO Cultura(CulturaID, Variedade, EspecieVegetalID, EpocaSementeiraPlantacao, EpocaPoda, EpocaFloracao, EpocaColheita) VALUES ("&U36&", '"&T36&"', "&S36&", '"&E36&"', '"&F36&"', '"&G36&"', '"&H36&"');" -> INSERT INTO Cultura(CulturaID, Variedade, EspecieVegetalID, EpocaSementeiraPlantacao, EpocaPoda, EpocaFloracao, EpocaColheita) VALUES (35, 'CASA NOVA DE ALCOBAÇA', 3, '', 'Novembro a dezembro', 'Março a abril', 'Agosto a setembro');
A37: Malus domestica | B37: Macieira | C37: EROVAN | D37: Permanente | F37: Novembro a dezembro | G37: Março a abril | H37: Agosto a setembro | S37: {=_xlfn.XLOOKUP(A37&B37,$K$2:$K$13&$L$2:$L$13,$J$2:$J$13)} -> 3 | T37: EROVAN | U37: 36 | V37: =_xlfn.CONCAT(B37," ",C37) -> Macieira EROVAN | W37: ="INSERT INTO Cultura(CulturaID, Variedade, EspecieVegetalID, EpocaSementeiraPlantacao, EpocaPoda, EpocaFloracao, EpocaColheita) VALUES ("&U37&", '"&T37&"', "&S37&", '"&E37&"', '"&F37&"', '"&G37&"', '"&H37&"');" -> INSERT INTO Cultura(CulturaID, Variedade, EspecieVegetalID, EpocaSementeiraPlantacao, EpocaPoda, EpocaFloracao, EpocaColheita) VALUES (36, 'EROVAN', 3, '', 'Novembro a dezembro', 'Março a abril', 'Agosto a setembro');
A38: Malus domestica | B38: Macieira | C38: FUJI | D38: Permanente | F38: Novembro a dezembro | G38: Março a abril | H38: Agosto a setembro | S38: {=_xlfn.XLOOKUP(A38&B38,$K$2:$K$13&$L$2:$L$13,$J$2:$J$13)} -> 3 | T38: FUJI | U38: 37 | V38: =_xlfn.CONCAT(B38," ",C38) -> Macieira FUJI | W38: ="INSERT INTO Cultura(CulturaID, Variedade, EspecieVegetalID, EpocaSementeiraPlantacao, EpocaPoda, EpocaFloracao, EpocaColheita) VALUES ("&U38&", '"&T38&"', "&S38&", '"&E38&"', '"&F38&"', '"&G38&"', '"&H38&"');" -> INSERT INTO Cultura(CulturaID, Variedade, EspecieVegetalID, EpocaSementeiraPlantacao, EpocaPoda, EpocaFloracao, EpocaColheita) VALUES (37, 'FUJI', 3, '', 'Novembro a dezembro', 'Março a abril', 'Agosto a setembro');
A39: Malus domestica | B39: Macieira | C39: GRANNY SMITH | D39: Permanente | F39: Novembro a dezembro | G39: Março a abril | H39: Agosto a setembro | S39: {=_xlfn.XLOOKUP(A39&B39,$K$2:$K$13&$L$2:$L$13,$J$2:$J$13)} -> 3 | T39: GRANNY SMITH | U39: 38 | V39: =_xlfn.CONCAT(B39," ",C39) -> Macieira GRANNY SMITH | W39: ="INSERT INTO Cultura(CulturaID, Variedade, EspecieVegetalID, EpocaSementeiraPlantacao, EpocaPoda, EpocaFloracao, EpocaColheita) VALUES ("&U39&", '"&T39&"', "&S39&", '"&E39&"', '"&F39&"', '"&G39&"', '"&H39&"');" -> INSERT INTO Cultura(CulturaID, Variedade, EspecieVegetalID, EpocaSementeiraPlantacao, EpocaPoda, EpocaFloracao, EpocaColheita) VALUES (38, 'GRANNY SMITH', 3, '', 'Novembro a dezembro', 'Março a abril', 'Agosto a setembro');
A40: Malus domestica | B40: Macieira | C40: GOLDEN DELICIOUS | D40: Permanente | F40: Novembro a dezembro | G40: Março a abril | H40: Agosto a setembro | S40: {=_xlfn.XLOOKUP(A40&B40,$K$2:$K$13&$L$2:$L$13,$J$2:$J$13)} -> 3 | T40: GOLDEN DELICIOUS | U40: 39 | V40: =_xlfn.CONCAT(B40," ",C40) -> Macieira GOLDEN DELICIOUS | W40: ="INSERT INTO Cultura(CulturaID, Variedade, EspecieVegetalID, EpocaSementeiraPlantacao, EpocaPoda, EpocaFloracao, EpocaColheita) VALUES ("&U40&", '"&T40&"', "&S40&", '"&E40&"', '"&F40&"', '"&G40&"', '"&H40&"');" -> INSERT INTO Cultura(CulturaID, Variedade, EspecieVegetalID, EpocaSementeiraPlantacao, EpocaPoda, EpocaFloracao, EpocaColheita) VALUES (39, 'GOLDEN DELICIOUS', 3, '', 'Novembro a dezembro', 'Março a abril', 'Agosto a setembro');
A41: Malus domestica | B41: Macieira | C41: HI-EARLY | D41: Permanente | F41: Novembro a dezembro | G41: Março a abril | H41: Agosto a setembro | S41: {=_xlfn.XLOOKUP(A41&B41,$K$2:$K$13&$L$2:$L$13,$J$2:$J$13)} -> 3 | T41: HI-EARLY | U41: 40 | V41: =_xlfn.CONCAT(B41," ",C41) -> Macieira HI-EARLY | W41: ="INSERT INTO Cultura(CulturaID, Variedade, EspecieVegetalID, EpocaSementeiraPlantacao, EpocaPoda, EpocaFloracao, EpocaColheita) VALUES ("&U41&", '"&T41&"', "&S41&", '"&E41&"', '"&F41&"', '"&G41&"', '"&H41&"');" -> INSERT INTO Cultura(CulturaID, Variedade, EspecieVegetalID, EpocaSementeiraPlantacao, EpocaPoda, EpocaFloracao, EpocaColheita) VALUES (40, 'HI-EARLY', 3, '', 'Novembro a dezembro', 'Março a abril', 'Agosto a setembro');
A42: Malus domestica | B42: Macieira | C42: JONAGORED | D42: Permanente | F42: Novembro a dezembro | G42: Março a abril | H42: Agosto a setembro | S42: {=_xlfn.XLOOKUP(A42&B42,$K$2:$K$13&$L$2:$L$13,$J$2:$J$13)} -> 3 | T42: JONAGORED | U42: 41 | V42: =_xlfn.CONCAT(B42," ",C42) -> Macieira JONAGORED | W42: ="INSERT INTO Cultura(CulturaID, Variedade, EspecieVegetalID, EpocaSementeiraPlantacao, EpocaPoda, EpocaFloracao, EpocaColheita) VALUES ("&U42&", '"&T42&"', "&S42&", '"&E42&"', '"&F42&"', '"&G42&"', '"&H42&"');" -> INSERT INTO Cultura(CulturaID, Variedade, EspecieVegetalID, EpocaSementeiraPlantacao, EpocaPoda, EpocaFloracao, EpocaColheita) VALUES (41, 'JONAGORED', 3, '', 'Novembro a dezembro', 'Março a abril', 'Agosto a setembro');
A43: Malus domestica | B43: Macieira | C43: LYSGOLDEN | D43: Permanente | F43: Novembro a dezembro | G43: Março a abril | H43: Agosto a setembro | S43: {=_xlfn.XLOOKUP(A43&B43,$K$2:$K$13&$L$2:$L$13,$J$2:$J$13)} -> 3 | T43: LYSGOLDEN | U43: 42 | V43: =_xlfn.CONCAT(B43," ",C43) -> Macieira LYSGOLDEN | W43: ="INSERT INTO Cultura(CulturaID, Variedade, EspecieVegetalID, EpocaSementeiraPlantacao, EpocaPoda, EpocaFloracao, EpocaColheita) VALUES ("&U43&", '"&T43&"', "&S43&", '"&E43&"', '"&F43&"', '"&G43&"', '"&H43&"');" -> INSERT INTO Cultura(CulturaID, Variedade, EspecieVegetalID, EpocaSementeiraPlantacao, EpocaPoda, EpocaFloracao, EpocaColheita) VALUES (42, 'LYSGOLDEN', 3, '', 'Novembro a dezembro', 'Março a abril', 'Agosto a setembro');
A44: Malus domestica | B44: Macieira | C44: MUTSU | D44: Permanente | F44: Novembro a dezembro | G44: Março a abril | H44: Agosto a setembro | S44: {=_xlfn.XLOOKUP(A44&B44,$K$2:$K$13&$L$2:$L$13,$J$2:$J$13)} -> 3 | T44: MUTSU | U44: 43 | V44: =_xlfn.CONCAT(B44," ",C44) -> Macieira MUTSU | W44: ="INSERT INTO Cultura(CulturaID, Variedade, EspecieVegetalID, EpocaSementeiraPlantacao, EpocaPoda, EpocaFloracao, EpocaColheita) VALUES ("&U44&", '"&T44&"', "&S44&", '"&E44&"', '"&F44&"', '"&G44&"', '"&H44&"');" -> INSERT INTO Cultura(CulturaID, Variedade, EspecieVegetalID, EpocaSementeiraPlantacao, EpocaPoda, EpocaFloracao, EpocaColheita) VALUES (43, 'MUTSU', 3, '', 'Novembro a dezembro', 'Março a abril', 'Agosto a setembro');
A45: Malus domestica | B45: Macieira | C45: PORTA DA LOJA | D45: Permanente | F45: Janeiro | G45: Abril a maio | H45: Novembro a dezembro | S45: {=_xlfn.XLOOKUP(A45&B45,$K$2:$K$13&$L$2:$L$13,$J$2:$J$13)} -> 3 | T45: PORTA DA LOJA | U45: 44 | V45: =_xlfn.CONCAT(B45," ",C45) -> Macieira PORTA DA LOJA | W45: ="INSERT INTO Cultura(CulturaID, Variedade, EspecieVegetalID, EpocaSementeiraPlantacao, EpocaPoda, EpocaFloracao, EpocaColheita) VALUES ("&U45&", '"&T45&"', "&S45&", '"&E45&"', '"&F45&"', '"&G45&"', '"&H45&"');" -> INSERT INTO Cultura(CulturaID, Variedade, EspecieVegetalID, EpocaSementeiraPlantacao, EpocaPoda, EpocaFloracao, EpocaColheita) VALUES (44, 'PORTA DA LOJA', 3, '', 'Janeiro', 'Abril a maio', 'Novembro a dezembro');
A46: Malus domestica | B46: Macieira | C46: REINETTE OU CANADA | D46: Permanente | F46: Novembro a dezembro | G46: Março a abril | H46: Agosto a setembro | S46: {=_xlfn.XLOOKUP(A46&B46,$K$2:$K$13&$L$2:$L$13,$J$2:$J$13)} -> 3 | T46: REINETTE OU CANADA | U46: 45 | V46: =_xlfn.CONCAT(B46," ",C46) -> Macieira REINETTE OU CANADA | W46: ="INSERT INTO Cultura(CulturaID, Variedade, EspecieVegetalID, EpocaSementeiraPlantacao, EpocaPoda, EpocaFloracao, EpocaColheita) VALUES ("&U46&", '"&T46&"', "&S46&", '"&E46&"', '"&F46&"', '"&G46&"', '"&H46&"');" -> INSERT INTO Cultura(CulturaID, Variedade, EspecieVegetalID, EpocaSementeiraPlantacao, EpocaPoda, EpocaFloracao, EpocaColheita) VALUES (45, 'REINETTE OU CANADA', 3, '', 'Novembro a dezembro', 'Março a abril', 'Agosto a setembro');
... A69: Malus domestica | B69: Macieira | C69: FREEDOM | D69: Permanente | F69: Novembro a dezembro | G69: Março a abril | H69: Agosto a setembro | S69: {=_xlfn.XLOOKUP(A69&B69,$K$2:$K$13&$L$2:$L$13,$J$2:$J$13)} -> 3 | T69: FREEDOM | U69: 68 | V69: =_xlfn.CONCAT(B69," ",C69) -> Macieira FREEDOM | W69: ="INSERT INTO Cultura(CulturaID, Variedade, EspecieVegetalID, EpocaSementeiraPlantacao, EpocaPoda, EpocaFloracao, EpocaColheita) VALUES ("&U69&", '"&T69&"', "&S69&", '"&E69&"', '"&F69&"', '"&G69&"', '"&H69&"');" -> INSERT INTO Cultura(CulturaID, Variedade, EspecieVegetalID, EpocaSementeiraPlantacao, EpocaPoda, EpocaFloracao, EpocaColheita) VALUES (68, 'FREEDOM', 3, '', 'Novembro a dezembro', 'Março a abril', 'Agosto a setembro');
A70: Pyrus pyrifolia | B70: Pera Nashi | C70: SNINSEIKI | D70: Permanente | S70: {=_xlfn.XLOOKUP(A70&B70,$K$2:$K$13&$L$2:$L$13,$J$2:$J$13)} -> 4 | T70: SNINSEIKI | U70: 69 | V70: =_xlfn.CONCAT(B70," ",C70) -> Pera Nashi SNINSEIKI | W70: ="INSERT INTO Cultura(CulturaID, Variedade, EspecieVegetalID, EpocaSementeiraPlantacao, EpocaPoda, EpocaFloracao, EpocaColheita) VALUES ("&U70&", '"&T70&"', "&S70&", '"&E70&"', '"&F70&"', '"&G70&"', '"&H70&"');" -> INSERT INTO Cultura(CulturaID, Variedade, EspecieVegetalID, EpocaSementeiraPlantacao, EpocaPoda, EpocaFloracao, EpocaColheita) VALUES (69, 'SNINSEIKI', 4, '', '', '', '');
A71: Pyrus pyrifolia | B71: Pera Nashi | C71: KUMOI | D71: Permanente | S71: {=_xlfn.XLOOKUP(A71&B71,$K$2:$K$13&$L$2:$L$13,$J$2:$J$13)} -> 4 | T71: KUMOI | U71: 70 | V71: =_xlfn.CONCAT(B71," ",C71) -> Pera Nashi KUMOI | W71: ="INSERT INTO Cultura(CulturaID, Variedade, EspecieVegetalID, EpocaSementeiraPlantacao, EpocaPoda, EpocaFloracao, EpocaColheita) VALUES ("&U71&", '"&T71&"', "&S71&", '"&E71&"', '"&F71&"', '"&G71&"', '"&H71&"');" -> INSERT INTO Cultura(CulturaID, Variedade, EspecieVegetalID, EpocaSementeiraPlantacao, EpocaPoda, EpocaFloracao, EpocaColheita) VALUES (70, 'KUMOI', 4, '', '', '', '');
A72: Pyrus pyrifolia | B72: Pera Nashi | C72: HOSUI | D72: Permanente | S72: {=_xlfn.XLOOKUP(A72&B72,$K$2:$K$13&$L$2:$L$13,$J$2:$J$13)} -> 4 | T72: HOSUI | U72: 71 | V72: =_xlfn.CONCAT(B72," ",C72) -> Pera Nashi HOSUI | W72: ="INSERT INTO Cultura(CulturaID, Variedade, EspecieVegetalID, EpocaSementeiraPlantacao, EpocaPoda, EpocaFloracao, EpocaColheita) VALUES ("&U72&", '"&T72&"', "&S72&", '"&E72&"', '"&F72&"', '"&G72&"', '"&H72&"');" -> INSERT INTO Cultura(CulturaID, Variedade, EspecieVegetalID, EpocaSementeiraPlantacao, EpocaPoda, EpocaFloracao, EpocaColheita) VALUES (71, 'HOSUI', 4, '', '', '', '');
A73: Pyrus pyrifolia | B73: Pera Nashi | C73: NIJISSEIKI | D73: Permanente | S73: {=_xlfn.XLOOKUP(A73&B73,$K$2:$K$13&$L$2:$L$13,$J$2:$J$13)} -> 4 | T73: NIJISSEIKI | U73: 72 | V73: =_xlfn.CONCAT(B73," ",C73) -> Pera Nashi NIJISSEIKI | W73: ="INSERT INTO Cultura(CulturaID, Variedade, EspecieVegetalID, EpocaSementeiraPlantacao, EpocaPoda, EpocaFloracao, EpocaColheita) VALUES ("&U73&", '"&T73&"', "&S73&", '"&E73&"', '"&F73&"', '"&G73&"', '"&H73&"');" -> INSERT INTO Cultura(CulturaID, Variedade, EspecieVegetalID, EpocaSementeiraPlantacao, EpocaPoda, EpocaFloracao, EpocaColheita) VALUES (72, 'NIJISSEIKI', 4, '', '', '', '');
A74: Daucus carota subsp. Sativus | B74: Cenoura | C74: Carson Hybrid | D74: Temporária | H74: 80 dias | S74: {=_xlfn.XLOOKUP(A74&B74,$K$2:$K$13&$L$2:$L$13,$J$2:$J$13)} -> 5 | T74: Carson Hybrid | U74: 73 | V74: =_xlfn.CONCAT(B74," ",C74) -> Cenoura Carson Hybrid | W74: ="INSERT INTO Cultura(CulturaID, Variedade, EspecieVegetalID, EpocaSementeiraPlantacao, EpocaPoda, EpocaFloracao, EpocaColheita) VALUES ("&U74&", '"&T74&"', "&S74&", '"&E74&"', '"&F74&"', '"&G74&"', '"&H74&"');" -> INSERT INTO Cultura(CulturaID, Variedade, EspecieVegetalID, EpocaSementeiraPlantacao, EpocaPoda, EpocaFloracao, EpocaColheita) VALUES (73, 'Carson Hybrid', 5, '', '', '', '80 dias');
A75: Daucus carota subsp. Sativus | B75: Cenoura | C75: Red Cored Chantenay | D75: Temporária | H75: 80 dias | S75: {=_xlfn.XLOOKUP(A75&B75,$K$2:$K$13&$L$2:$L$13,$J$2:$J$13)} -> 5 | T75: Red Cored Chantenay | U75: 74 | V75: =_xlfn.CONCAT(B75," ",C75) -> Cenoura Red Cored Chantenay | W75: ="INSERT INTO Cultura(CulturaID, Variedade, EspecieVegetalID, EpocaSementeiraPlantacao, EpocaPoda, EpocaFloracao, EpocaColheita) VALUES ("&U75&", '"&T75&"', "&S75&", '"&E75&"', '"&F75&"', '"&G75&"', '"&H75&"');" -> INSERT INTO Cultura(CulturaID, Variedade, EspecieVegetalID, EpocaSementeiraPlantacao, EpocaPoda, EpocaFloracao, EpocaColheita) VALUES (74, 'Red Cored Chantenay', 5, '', '', '', '80 dias');
A76: Daucus carota subsp. Sativus | B76: Cenoura | C76: Danvers Half Long | D76: Temporária | H76: 80 dias | S76: {=_xlfn.XLOOKUP(A76&B76,$K$2:$K$13&$L$2:$L$13,$J$2:$J$13)} -> 5 | T76: Danvers Half Long | U76: 75 | V76: =_xlfn.CONCAT(B76," ",C76) -> Cenoura Danvers Half Long | W76: ="INSERT INTO Cultura(CulturaID, Variedade, EspecieVegetalID, EpocaSementeiraPlantacao, EpocaPoda, EpocaFloracao, EpocaColheita) VALUES ("&U76&", '"&T76&"', "&S76&", '"&E76&"', '"&F76&"', '"&G76&"', '"&H76&"');" -> INSERT INTO Cultura(CulturaID, Variedade, EspecieVegetalID, EpocaSementeiraPlantacao, EpocaPoda, EpocaFloracao, EpocaColheita) VALUES (75, 'Danvers Half Long', 5, '', '', '', '80 dias');
A77: Daucus carota subsp. Sativus | B77: Cenoura | C77: Imperator 58 | D77: Temporária | H77: 80 dias | S77: {=_xlfn.XLOOKUP(A77&B77,$K$2:$K$13&$L$2:$L$13,$J$2:$J$13)} -> 5 | T77: Imperator 58 | U77: 76 | V77: =_xlfn.CONCAT(B77," ",C77) -> Cenoura Imperator 58 | W77: ="INSERT INTO Cultura(CulturaID, Variedade, EspecieVegetalID, EpocaSementeiraPlantacao, EpocaPoda, EpocaFloracao, EpocaColheita) VALUES ("&U77&", '"&T77&"', "&S77&", '"&E77&"', '"&F77&"', '"&G77&"', '"&H77&"');" -> INSERT INTO Cultura(CulturaID, Variedade, EspecieVegetalID, EpocaSementeiraPlantacao, EpocaPoda, EpocaFloracao, EpocaColheita) VALUES (76, 'Imperator 58', 5, '', '', '', '80 dias');
A78: Daucus carota subsp. Sativus | B78: Cenoura | C78: Sugarsnax Hybrid | D78: Temporária | H78: 80 dias | S78: {=_xlfn.XLOOKUP(A78&B78,$K$2:$K$13&$L$2:$L$13,$J$2:$J$13)} -> 5 | T78: Sugarsnax Hybrid | U78: 77 | V78: =_xlfn.CONCAT(B78," ",C78) -> Cenoura Sugarsnax Hybrid | W78: ="INSERT INTO Cultura(CulturaID, Variedade, EspecieVegetalID, EpocaSementeiraPlantacao, EpocaPoda, EpocaFloracao, EpocaColheita) VALUES ("&U78&", '"&T78&"', "&S78&", '"&E78&"', '"&F78&"', '"&G78&"', '"&H78&"');" -> INSERT INTO Cultura(CulturaID, Variedade, EspecieVegetalID, EpocaSementeiraPlantacao, EpocaPoda, EpocaFloracao, EpocaColheita) VALUES (77, 'Sugarsnax Hybrid', 5, '', '', '', '80 dias');
A79: Daucus carota subsp. Sativus | B79: Cenoura | C79: Nelson Hybrid | D79: Temporária | H79: 80 dias | S79: {=_xlfn.XLOOKUP(A79&B79,$K$2:$K$13&$L$2:$L$13,$J$2:$J$13)} -> 5 | T79: Nelson Hybrid | U79: 78 | V79: =_xlfn.CONCAT(B79," ",C79) -> Cenoura Nelson Hybrid | W79: ="INSERT INTO Cultura(CulturaID, Variedade, EspecieVegetalID, EpocaSementeiraPlantacao, EpocaPoda, EpocaFloracao, EpocaColheita) VALUES ("&U79&", '"&T79&"', "&S79&", '"&E79&"', '"&F79&"', '"&G79&"', '"&H79&"');" -> INSERT INTO Cultura(CulturaID, Variedade, EspecieVegetalID, EpocaSementeiraPlantacao, EpocaPoda, EpocaFloracao, EpocaColheita) VALUES (78, 'Nelson Hybrid', 5, '', '', '', '80 dias');
A80: Daucus carota subsp. Sativus | B80: Cenoura | C80: Scarlet Nantes | D80: Temporária | H80: 80 dias | S80: {=_xlfn.XLOOKUP(A80&B80,$K$2:$K$13&$L$2:$L$13,$J$2:$J$13)} -> 5 | T80: Scarlet Nantes | U80: 79 | V80: =_xlfn.CONCAT(B80," ",C80) -> Cenoura Scarlet Nantes | W80: ="INSERT INTO Cultura(CulturaID, Variedade, EspecieVegetalID, EpocaSementeiraPlantacao, EpocaPoda, EpocaFloracao, EpocaColheita) VALUES ("&U80&", '"&T80&"', "&S80&", '"&E80&"', '"&F80&"', '"&G80&"', '"&H80&"');" -> INSERT INTO Cultura(CulturaID, Variedade, EspecieVegetalID, EpocaSementeiraPlantacao, EpocaPoda, EpocaFloracao, EpocaColheita) VALUES (79, 'Scarlet Nantes', 5, '', '', '', '80 dias');
A81: Lupinus luteus | B81: Tremoço | C81: Amarelo | D81: Temporária | S81: {=_xlfn.XLOOKUP(A81&B81,$K$2:$K$13&$L$2:$L$13,$J$2:$J$13)} -> 6 | T81: Amarelo | U81: 80 | V81: =_xlfn.CONCAT(B81," ",C81) -> Tremoço Amarelo | W81: ="INSERT INTO Cultura(CulturaID, Variedade, EspecieVegetalID, EpocaSementeiraPlantacao, EpocaPoda, EpocaFloracao, EpocaColheita) VALUES ("&U81&", '"&T81&"', "&S81&", '"&E81&"', '"&F81&"', '"&G81&"', '"&H81&"');" -> INSERT INTO Cultura(CulturaID, Variedade, EspecieVegetalID, EpocaSementeiraPlantacao, EpocaPoda, EpocaFloracao, EpocaColheita) VALUES (80, 'Amarelo', 6, '', '', '', '');
A82: Lupinus albus | B82: Tremoço | C82: Branco | D82: Temporária | S82: {=_xlfn.XLOOKUP(A82&B82,$K$2:$K$13&$L$2:$L$13,$J$2:$J$13)} -> 7 | T82: Branco | U82: 81 | V82: =_xlfn.CONCAT(B82," ",C82) -> Tremoço Branco | W82: ="INSERT INTO Cultura(CulturaID, Variedade, EspecieVegetalID, EpocaSementeiraPlantacao, EpocaPoda, EpocaFloracao, EpocaColheita) VALUES ("&U82&", '"&T82&"', "&S82&", '"&E82&"', '"&F82&"', '"&G82&"', '"&H82&"');" -> INSERT INTO Cultura(CulturaID, Variedade, EspecieVegetalID, EpocaSementeiraPlantacao, EpocaPoda, EpocaFloracao, EpocaColheita) VALUES (81, 'Branco', 7, '', '', '', '');
A83: Zea mays | B83: Milho | C83: MAS 24.C | D83: Temporária | E83: Abril a junho | H83: Julho a setembro | S83: {=_xlfn.XLOOKUP(A83&B83,$K$2:$K$13&$L$2:$L$13,$J$2:$J$13)} -> 8 | T83: MAS 24.C | U83: 82 | V83: =_xlfn.CONCAT(B83," ",C83) -> Milho MAS 24.C | W83: ="INSERT INTO Cultura(CulturaID, Variedade, EspecieVegetalID, EpocaSementeiraPlantacao, EpocaPoda, EpocaFloracao, EpocaColheita) VALUES ("&U83&", '"&T83&"', "&S83&", '"&E83&"', '"&F83&"', '"&G83&"', '"&H83&"');" -> INSERT INTO Cultura(CulturaID, Variedade, EspecieVegetalID, EpocaSementeiraPlantacao, EpocaPoda, EpocaFloracao, EpocaColheita) VALUES (82, 'MAS 24.C', 8, 'Abril a junho', '', '', 'Julho a setembro');
A84: Zea mays | B84: Milho | C84: Doce Golden Bantam | D84: Temporária | E84: Abril a junho | H84: Julho a setembro | S84: {=_xlfn.XLOOKUP(A84&B84,$K$2:$K$13&$L$2:$L$13,$J$2:$J$13)} -> 8 | T84: Doce Golden Bantam | U84: 83 | V84: =_xlfn.CONCAT(B84," ",C84) -> Milho Doce Golden Bantam | W84: ="INSERT INTO Cultura(CulturaID, Variedade, EspecieVegetalID, EpocaSementeiraPlantacao, EpocaPoda, EpocaFloracao, EpocaColheita) VALUES ("&U84&", '"&T84&"', "&S84&", '"&E84&"', '"&F84&"', '"&G84&"', '"&H84&"');" -> INSERT INTO Cultura(CulturaID, Variedade, EspecieVegetalID, EpocaSementeiraPlantacao, EpocaPoda, EpocaFloracao, EpocaColheita) VALUES (83, 'Doce Golden Bantam', 8, 'Abril a junho', '', '', 'Julho a setembro');
A85: Brassica rapa | B85: Nabo greleiro | C85: Senhora Conceição | D85: Temporária | E85: Março a setembro | H85: Junho a fevereiro | S85: {=_xlfn.XLOOKUP(A85&B85,$K$2:$K$13&$L$2:$L$13,$J$2:$J$13)} -> 9 | T85: Senhora Conceição | U85: 84 | V85: =_xlfn.CONCAT(B85," ",C85) -> Nabo greleiro Senhora Conceição | W85: ="INSERT INTO Cultura(CulturaID, Variedade, EspecieVegetalID, EpocaSementeiraPlantacao, EpocaPoda, EpocaFloracao, EpocaColheita) VALUES ("&U85&", '"&T85&"', "&S85&", '"&E85&"', '"&F85&"', '"&G85&"', '"&H85&"');" -> INSERT INTO Cultura(CulturaID, Variedade, EspecieVegetalID, EpocaSementeiraPlantacao, EpocaPoda, EpocaFloracao, EpocaColheita) VALUES (84, 'Senhora Conceição', 9, 'Março a setembro', '', '', 'Junho a fevereiro');
A86: Olea europaea | B86: Oliveira | C86: COBRANÇOSA | D86: Permanente | H86: Outubro a novembro | S86: {=_xlfn.XLOOKUP(A86&B86,$K$2:$K$13&$L$2:$L$13,$J$2:$J$13)} -> 10 | T86: COBRANÇOSA | U86: 85 | V86: =_xlfn.CONCAT(B86," ",C86) -> Oliveira COBRANÇOSA | W86: ="INSERT INTO Cultura(CulturaID, Variedade, EspecieVegetalID, EpocaSementeiraPlantacao, EpocaPoda, EpocaFloracao, EpocaColheita) VALUES ("&U86&", '"&T86&"', "&S86&", '"&E86&"', '"&F86&"', '"&G86&"', '"&H86&"');" -> INSERT INTO Cultura(CulturaID, Variedade, EspecieVegetalID, EpocaSementeiraPlantacao, EpocaPoda, EpocaFloracao, EpocaColheita) VALUES (85, 'COBRANÇOSA', 10, '', '', '', 'Outubro a novembro');
A87: Olea europaea | B87: Oliveira | C87: ARBEQUINA | D87: Permanente | H87: Outubro a novembro | S87: {=_xlfn.XLOOKUP(A87&B87,$K$2:$K$13&$L$2:$L$13,$J$2:$J$13)} -> 10 | T87: ARBEQUINA | U87: 86 | V87: =_xlfn.CONCAT(B87," ",C87) -> Oliveira ARBEQUINA | W87: ="INSERT INTO Cultura(CulturaID, Variedade, EspecieVegetalID, EpocaSementeiraPlantacao, EpocaPoda, EpocaFloracao, EpocaColheita) VALUES ("&U87&", '"&T87&"', "&S87&", '"&E87&"', '"&F87&"', '"&G87&"', '"&H87&"');" -> INSERT INTO Cultura(CulturaID, Variedade, EspecieVegetalID, EpocaSementeiraPlantacao, EpocaPoda, EpocaFloracao, EpocaColheita) VALUES (86, 'ARBEQUINA', 10, '', '', '', 'Outubro a novembro');
A88: Olea europaea | B88: Oliveira | C88: HOJIBLANCA | D88: Permanente | H88: Outubro a novembro | S88: {=_xlfn.XLOOKUP(A88&B88,$K$2:$K$13&$L$2:$L$13,$J$2:$J$13)} -> 10 | T88: HOJIBLANCA | U88: 87 | V88: =_xlfn.CONCAT(B88," ",C88) -> Oliveira HOJIBLANCA | W88: ="INSERT INTO Cultura(CulturaID, Variedade, EspecieVegetalID, EpocaSementeiraPlantacao, EpocaPoda, EpocaFloracao, EpocaColheita) VALUES ("&U88&", '"&T88&"', "&S88&", '"&E88&"', '"&F88&"', '"&G88&"', '"&H88&"');" -> INSERT INTO Cultura(CulturaID, Variedade, EspecieVegetalID, EpocaSementeiraPlantacao, EpocaPoda, EpocaFloracao, EpocaColheita) VALUES (87, 'HOJIBLANCA', 10, '', '', '', 'Outubro a novembro');
A89: Olea europaea | B89: Oliveira | C89: NEGRINHA DO FREIXO | D89: Permanente | H89: Outubro a novembro | S89: {=_xlfn.XLOOKUP(A89&B89,$K$2:$K$13&$L$2:$L$13,$J$2:$J$13)} -> 10 | T89: NEGRINHA DO FREIXO | U89: 88 | V89: =_xlfn.CONCAT(B89," ",C89) -> Oliveira NEGRINHA DO FREIXO | W89: ="INSERT INTO Cultura(CulturaID, Variedade, EspecieVegetalID, EpocaSementeiraPlantacao, EpocaPoda, EpocaFloracao, EpocaColheita) VALUES ("&U89&", '"&T89&"', "&S89&", '"&E89&"', '"&F89&"', '"&G89&"', '"&H89&"');" -> INSERT INTO Cultura(CulturaID, Variedade, EspecieVegetalID, EpocaSementeiraPlantacao, EpocaPoda, EpocaFloracao, EpocaColheita) VALUES (88, 'NEGRINHA DO FREIXO', 10, '', '', '', 'Outubro a novembro');
A90: Olea europaea | B90: Oliveira | C90: PICUAL | D90: Permanente | H90: Outubro a novembro | S90: {=_xlfn.XLOOKUP(A90&B90,$K$2:$K$13&$L$2:$L$13,$J$2:$J$13)} -> 10 | T90: PICUAL | U90: 89 | V90: =_xlfn.CONCAT(B90," ",C90) -> Oliveira PICUAL | W90: ="INSERT INTO Cultura(CulturaID, Variedade, EspecieVegetalID, EpocaSementeiraPlantacao, EpocaPoda, EpocaFloracao, EpocaColheita) VALUES ("&U90&", '"&T90&"', "&S90&", '"&E90&"', '"&F90&"', '"&G90&"', '"&H90&"');" -> INSERT INTO Cultura(CulturaID, Variedade, EspecieVegetalID, EpocaSementeiraPlantacao, EpocaPoda, EpocaFloracao, EpocaColheita) VALUES (89, 'PICUAL', 10, '', '', '', 'Outubro a novembro');
A91: Olea europaea | B91: Oliveira | C91: MAÇANILHA | D91: Permanente | H91: Outubro a novembro | S91: {=_xlfn.XLOOKUP(A91&B91,$K$2:$K$13&$L$2:$L$13,$J$2:$J$13)} -> 10 | T91: MAÇANILHA | U91: 90 | V91: =_xlfn.CONCAT(B91," ",C91) -> Oliveira MAÇANILHA | W91: ="INSERT INTO Cultura(CulturaID, Variedade, EspecieVegetalID, EpocaSementeiraPlantacao, EpocaPoda, EpocaFloracao, EpocaColheita) VALUES ("&U91&", '"&T91&"', "&S91&", '"&E91&"', '"&F91&"', '"&G91&"', '"&H91&"');" -> INSERT INTO Cultura(CulturaID, Variedade, EspecieVegetalID, EpocaSementeiraPlantacao, EpocaPoda, EpocaFloracao, EpocaColheita) VALUES (90, 'MAÇANILHA', 10, '', '', '', 'Outubro a novembro');
A92: Olea europaea | B92: Oliveira | C92: CONSERVA DE ELVAS | D92: Permanente | H92: Outubro a novembro | S92: {=_xlfn.XLOOKUP(A92&B92,$K$2:$K$13&$L$2:$L$13,$J$2:$J$13)} -> 10 | T92: CONSERVA DE ELVAS | U92: 91 | V92: =_xlfn.CONCAT(B92," ",C92) -> Oliveira CONSERVA DE ELVAS | W92: ="INSERT INTO Cultura(CulturaID, Variedade, EspecieVegetalID, EpocaSementeiraPlantacao, EpocaPoda, EpocaFloracao, EpocaColheita) VALUES ("&U92&", '"&T92&"', "&S92&", '"&E92&"', '"&F92&"', '"&G92&"', '"&H92&"');" -> INSERT INTO Cultura(CulturaID, Variedade, EspecieVegetalID, EpocaSementeiraPlantacao, EpocaPoda, EpocaFloracao, EpocaColheita) VALUES (91, 'CONSERVA DE ELVAS', 10, '', '', '', 'Outubro a novembro');
A93: Olea europaea | B93: Oliveira | C93: Galega | D93: Permanente | H93: Outubro a novembro | S93: {=_xlfn.XLOOKUP(A93&B93,$K$2:$K$13&$L$2:$L$13,$J$2:$J$13)} -> 10 | T93: Galega | U93: 92 | V93: =_xlfn.CONCAT(B93," ",C93) -> Oliveira Galega | W93: ="INSERT INTO Cultura(CulturaID, Variedade, EspecieVegetalID, EpocaSementeiraPlantacao, EpocaPoda, EpocaFloracao, EpocaColheita) VALUES ("&U93&", '"&T93&"', "&S93&", '"&E93&"', '"&F93&"', '"&G93&"', '"&H93&"');" -> INSERT INTO Cultura(CulturaID, Variedade, EspecieVegetalID, EpocaSementeiraPlantacao, EpocaPoda, EpocaFloracao, EpocaColheita) VALUES (92, 'Galega', 10, '', '', '', 'Outubro a novembro');
A94: Brassica rapa | B94: Nabo | C94: S. Cosme | D94: Temporária | E94: Fevereiro a abril, agosto a outubro | H94: 90 dias | S94: {=_xlfn.XLOOKUP(A94&B94,$K$2:$K$13&$L$2:$L$13,$J$2:$J$13)} -> 11 | T94: S. Cosme | U94: 93 | V94: =_xlfn.CONCAT(B94," ",C94) -> Nabo S. Cosme | W94: ="INSERT INTO Cultura(CulturaID, Variedade, EspecieVegetalID, EpocaSementeiraPlantacao, EpocaPoda, EpocaFloracao, EpocaColheita) VALUES ("&U94&", '"&T94&"', "&S94&", '"&E94&"', '"&F94&"', '"&G94&"', '"&H94&"');" -> INSERT INTO Cultura(CulturaID, Variedade, EspecieVegetalID, EpocaSementeiraPlantacao, EpocaPoda, EpocaFloracao, EpocaColheita) VALUES (93, 'S. Cosme', 11, 'Fevereiro a abril, agosto a outubro', '', '', '90 dias');
A95: Vitis vinifera | B95: Videira | C95: Dona Maria | D95: Permanente | F95: Dezembro a janeiro | G95: Maio | H95: Junho a agosto | S95: {=_xlfn.XLOOKUP(A95&B95,$K$2:$K$13&$L$2:$L$13,$J$2:$J$13)} -> 12 | T95: Dona Maria | U95: 94 | V95: =_xlfn.CONCAT(B95," ",C95) -> Videira Dona Maria | W95: ="INSERT INTO Cultura(CulturaID, Variedade, EspecieVegetalID, EpocaSementeiraPlantacao, EpocaPoda, EpocaFloracao, EpocaColheita) VALUES ("&U95&", '"&T95&"', "&S95&", '"&E95&"', '"&F95&"', '"&G95&"', '"&H95&"');" -> INSERT INTO Cultura(CulturaID, Variedade, EspecieVegetalID, EpocaSementeiraPlantacao, EpocaPoda, EpocaFloracao, EpocaColheita) VALUES (94, 'Dona Maria', 12, '', 'Dezembro a janeiro', 'Maio', 'Junho a agosto');
A96: Vitis vinifera | B96: Videira | C96: Cardinal | D96: Permanente | F96: Dezembro a janeiro | G96: Maio | H96: Junho a agosto | S96: {=_xlfn.XLOOKUP(A96&B96,$K$2:$K$13&$L$2:$L$13,$J$2:$J$13)} -> 12 | T96: Cardinal | U96: 95 | V96: =_xlfn.CONCAT(B96," ",C96) -> Videira Cardinal | W96: ="INSERT INTO Cultura(CulturaID, Variedade, EspecieVegetalID, EpocaSementeiraPlantacao, EpocaPoda, EpocaFloracao, EpocaColheita) VALUES ("&U96&", '"&T96&"', "&S96&", '"&E96&"', '"&F96&"', '"&G96&"', '"&H96&"');" -> INSERT INTO Cultura(CulturaID, Variedade, EspecieVegetalID, EpocaSementeiraPlantacao, EpocaPoda, EpocaFloracao, EpocaColheita) VALUES (95, 'Cardinal', 12, '', 'Dezembro a janeiro', 'Maio', 'Junho a agosto');

Sheet Fator Produção
A1: Designação | B1: Fabricante | C1: Formato | D1: Tipo | E1: Aplicação | F1: C1 | G1: Perc. | H1: C2 | I1: Perc. | J1: C3 | K1: Perc. | L1: C4 | M1: Perc.
A2: Calda Bordalesa ASCENZA | B2: ASCENZA | C2: Pó molhável | D2: Fitofármaco | E2: Fungicida | F2: CU | G2: 0.2
A3: Enxofre Bayer 80 WG | B3: Bayer | C3: Pó molhável | D3: Fitofármaco | E3: Fungicida | F3: S | G3: 0.8
A4: Patentkali | B4: K+S | C4: Granulado | D4: Adubo | E4: Adubo solo | F4: K | G4: 0.249 | H4: Mg | I4: 0.06 | J4: S | K4: 0.176
A5: ESTA Kieserit | B5: K+S | C5: Granulado | D5: Adubo | E5: Adubo solo | F5: Mg | G5: 0.151 | H5: S | I5: 0.208
A6: EPSO Microtop | B6: K+S | C6: Granulado | D6: Adubo | E6: Adubo foliar+Fertirrega | F6: Mg | G6: 0.09 | H6: S | I6: 0.124 | J6: B | K6: 0.009 | L6: Mn | M6: 0.01
A7: EPSO Top | B7: K+S | C7: Granulado | D7: Adubo | E7: Adubo foliar | F7: Mg | G7: 0.096 | H7: S | I7: 0.13
A8: Biocal CaCo3 | B8: Biocal | C8: Granulado | D8: Corretor | E8: Correção solo | F8: CaCO3 | G8: 0.882 | H8: MgCO3 | I8: 0.019
A9: Biocal Composto | B9: Biocal | C9: Pó | D9: Corretor | E9: Correção solo | F9: CaCO3 | G9: 0.717 | H9: MgCO3 | I9: 0.148 | J9: MgO | K9: 0.079
A10: Sonata | B10: Bayer | C10: Líquido | D10: Fitofármaco | E10: Fungicida | F10: Bacillus pumilus | G10: 0.9774
A11: FLiPPER | B11: Bayer | C11: Emulsão de óleo em água | D11: Fitofármaco | E11: Insecticida | F11: Ácidos gordos (na forma de sais de potássio) | G11: 0.478
A12: Requiem Prime | B12: Bayer | C12: Líquido | D12: Fitofármaco | E12: Insecticida | F12: Terpenóides | G12: 0.1442
A14: FatorProducao
A15: NomeComercial | B15: FatorProducaoID | C15: FabricanteID | D15: FormatoID | E15: TipoFatorProducaoID
A16: {=_xlfn.UNIQUE(A2:A12)} -> Calda Bordalesa ASCENZA | B16: 1 | C16: {=_xlfn.XLOOKUP(B2,_xlfn.ANCHORARRAY($A$29),$B$16:$B$19,0,0)} -> 1 | D16: {=_xlfn.XLOOKUP(C2,_xlfn.ANCHORARRAY($A$35),$B$16:$B$20,0,0)} -> 1 | E16: {=_xlfn.XLOOKUP(D2,_xlfn.ANCHORARRAY($A$42),$B$16:$B$18,0,0)} -> 1 | F16: ="INSERT INTO FatorProdução(FatorProducaoID, NomeComercial, FabricanteID, FormatoID, TipoFatorProducaoID) VALUES ("&B16&", '"&A16&"', "&C16&", "&D16&", "&E16&");" -> INSERT INTO FatorProdução(FatorProducaoID, NomeComercial, FabricanteID, FormatoID, TipoFatorProducaoID) VALUES (1, 'Calda Bordalesa ASCENZA', 1, 1, 1); | O16: 5
A17: Enxofre Bayer 80 WG | B17: =B16+1 -> 2 | C17: {=_xlfn.XLOOKUP(B3,_xlfn.ANCHORARRAY($A$29),$B$16:$B$19,0,0)} -> 2 | D17: {=_xlfn.XLOOKUP(C3,_xlfn.ANCHORARRAY($A$35),$B$16:$B$20,0,0)} -> 1 | E17: {=_xlfn.XLOOKUP(D3,_xlfn.ANCHORARRAY($A$42),$B$16:$B$18,0,0)} -> 1 | F17: ="INSERT INTO FatorProdução(FatorProducaoID, NomeComercial, FabricanteID, FormatoID, TipoFatorProducaoID) VALUES ("&B17&", '"&A17&"', "&C17&", "&D17&", "&E17&");" -> INSERT INTO FatorProdução(FatorProducaoID, NomeComercial, FabricanteID, FormatoID, TipoFatorProducaoID) VALUES (2, 'Enxofre Bayer 80 WG', 2, 1, 1);
A18: Patentkali | B18: =B17+1 -> 3 | C18: {=_xlfn.XLOOKUP(B4,_xlfn.ANCHORARRAY($A$29),$B$16:$B$19,0,0)} -> 3 | D18: {=_xlfn.XLOOKUP(C4,_xlfn.ANCHORARRAY($A$35),$B$16:$B$20,0,0)} -> 2 | E18: {=_xlfn.XLOOKUP(D4,_xlfn.ANCHORARRAY($A$42),$B$16:$B$18,0,0)} -> 2 | F18: ="INSERT INTO FatorProdução(FatorProducaoID, NomeComercial, FabricanteID, FormatoID, TipoFatorProducaoID) VALUES ("&B18&", '"&A18&"', "&C18&", "&D18&", "&E18&");" -> INSERT INTO FatorProdução(FatorProducaoID, NomeComercial, FabricanteID, FormatoID, TipoFatorProducaoID) VALUES (3, 'Patentkali', 3, 2, 2);
A19: ESTA Kieserit | B19: =B18+1 -> 4 | C19: {=_xlfn.XLOOKUP(B5,_xlfn.ANCHORARRAY($A$29),$B$16:$B$19,0,0)} -> 3 | D19: {=_xlfn.XLOOKUP(C5,_xlfn.ANCHORARRAY($A$35),$B$16:$B$20,0,0)} -> 2 | E19: {=_xlfn.XLOOKUP(D5,_xlfn.ANCHORARRAY($A$42),$B$16:$B$18,0,0)} -> 2 | F19: ="INSERT INTO FatorProdução(FatorProducaoID, NomeComercial, FabricanteID, FormatoID, TipoFatorProducaoID) VALUES ("&B19&", '"&A19&"', "&C19&", "&D19&", "&E19&");" -> INSERT INTO FatorProdução(FatorProducaoID, NomeComercial, FabricanteID, FormatoID, TipoFatorProducaoID) VALUES (4, 'ESTA Kieserit', 3, 2, 2);
A20: EPSO Microtop | B20: =B19+1 -> 5 | C20: {=_xlfn.XLOOKUP(B6,_xlfn.ANCHORARRAY($A$29),$B$16:$B$19,0,0)} -> 3 | D20: {=_xlfn.XLOOKUP(C6,_xlfn.ANCHORARRAY($A$35),$B$16:$B$20,0,0)} -> 2 | E20: {=_xlfn.XLOOKUP(D6,_xlfn.ANCHORARRAY($A$42),$B$16:$B$18,0,0)} -> 2 | F20: ="INSERT INTO FatorProdução(FatorProducaoID, NomeComercial, FabricanteID, FormatoID, TipoFatorProducaoID) VALUES ("&B20&", '"&A20&"', "&C20&", "&D20&", "&E20&");" -> INSERT INTO FatorProdução(FatorProducaoID, NomeComercial, FabricanteID, FormatoID, TipoFatorProducaoID) VALUES (5, 'EPSO Microtop', 3, 2, 2);
A21: EPSO Top | B21: =B20+1 -> 6 | C21: {=_xlfn.XLOOKUP(B7,_xlfn.ANCHORARRAY($A$29),$B$16:$B$19,0,0)} -> 3 | D21: {=_xlfn.XLOOKUP(C7,_xlfn.ANCHORARRAY($A$35),$B$16:$B$20,0,0)} -> 2 | E21: {=_xlfn.XLOOKUP(D7,_xlfn.ANCHORARRAY($A$42),$B$16:$B$18,0,0)} -> 2 | F21: ="INSERT INTO FatorProdução(FatorProducaoID, NomeComercial, FabricanteID, FormatoID, TipoFatorProducaoID) VALUES ("&B21&", '"&A21&"', "&C21&", "&D21&", "&E21&");" -> INSERT INTO FatorProdução(FatorProducaoID, NomeComercial, FabricanteID, FormatoID, TipoFatorProducaoID) VALUES (6, 'EPSO Top', 3, 2, 2);
A22: Biocal CaCo3 | B22: =B21+1 -> 7 | C22: {=_xlfn.XLOOKUP(B8,_xlfn.ANCHORARRAY($A$29),$B$16:$B$19,0,0)} -> 4 | D22: {=_xlfn.XLOOKUP(C8,_xlfn.ANCHORARRAY($A$35),$B$16:$B$20,0,0)} -> 2 | E22: {=_xlfn.XLOOKUP(D8,_xlfn.ANCHORARRAY($A$42),$B$16:$B$18,0,0)} -> 3 | F22: ="INSERT INTO FatorProdução(FatorProducaoID, NomeComercial, FabricanteID, FormatoID, TipoFatorProducaoID) VALUES ("&B22&", '"&A22&"', "&C22&", "&D22&", "&E22&");" -> INSERT INTO FatorProdução(FatorProducaoID, NomeComercial, FabricanteID, FormatoID, TipoFatorProducaoID) VALUES (7, 'Biocal CaCo3', 4, 2, 3);
A23: Biocal Composto | B23: =B22+1 -> 8 | C23: {=_xlfn.XLOOKUP(B9,_xlfn.ANCHORARRAY($A$29),$B$16:$B$19,0,0)} -> 4 | D23: {=_xlfn.XLOOKUP(C9,_xlfn.ANCHORARRAY($A$35),$B$16:$B$20,0,0)} -> 3 | E23: {=_xlfn.XLOOKUP(D9,_xlfn.ANCHORARRAY($A$42),$B$16:$B$18,0,0)} -> 3 | F23: ="INSERT INTO FatorProdução(FatorProducaoID, NomeComercial, FabricanteID, FormatoID, TipoFatorProducaoID) VALUES ("&B23&", '"&A23&"', "&C23&", "&D23&", "&E23&");" -> INSERT INTO FatorProdução(FatorProducaoID, NomeComercial, FabricanteID, FormatoID, TipoFatorProducaoID) VALUES (8, 'Biocal Composto', 4, 3, 3);
A24: Sonata | B24: =B23+1 -> 9 | C24: {=_xlfn.XLOOKUP(B10,_xlfn.ANCHORARRAY($A$29),$B$16:$B$19,0,0)} -> 2 | D24: {=_xlfn.XLOOKUP(C10,_xlfn.ANCHORARRAY($A$35),$B$16:$B$20,0,0)} -> 4 | E24: {=_xlfn.XLOOKUP(D10,_xlfn.ANCHORARRAY($A$42),$B$16:$B$18,0,0)} -> 1 | F24: ="INSERT INTO FatorProdução(FatorProducaoID, NomeComercial, FabricanteID, FormatoID, TipoFatorProducaoID) VALUES ("&B24&", '"&A24&"', "&C24&", "&D24&", "&E24&");" -> INSERT INTO FatorProdução(FatorProducaoID, NomeComercial, FabricanteID, FormatoID, TipoFatorProducaoID) VALUES (9, 'Sonata', 2, 4, 1);
A25: FLiPPER | B25: =B24+1 -> 10 | C25: {=_xlfn.XLOOKUP(B11,_xlfn.ANCHORARRAY($A$29),$B$16:$B$19,0,0)} -> 2 | D25: {=_xlfn.XLOOKUP(C11,_xlfn.ANCHORARRAY($A$35),$B$16:$B$20,0,0)} -> 5 | E25: {=_xlfn.XLOOKUP(D11,_xlfn.ANCHORARRAY($A$42),$B$16:$B$18,0,0)} -> 1 | F25: ="INSERT INTO FatorProdução(FatorProducaoID, NomeComercial, FabricanteID, FormatoID, TipoFatorProducaoID) VALUES ("&B25&", '"&A25&"', "&C25&", "&D25&", "&E25&");" -> INSERT INTO FatorProdução(FatorProducaoID, NomeComercial, FabricanteID, FormatoID, TipoFatorProducaoID) VALUES (10, 'FLiPPER ', 2, 5, 1);
A26: Requiem Prime | B26: =B25+1 -> 11 | C26: {=_xlfn.XLOOKUP(B12,_xlfn.ANCHORARRAY($A$29),$B$16:$B$19,0,0)} -> 2 | D26: {=_xlfn.XLOOKUP(C12,_xlfn.ANCHORARRAY($A$35),$B$16:$B$20,0,0)} -> 4 | E26: {=_xlfn.XLOOKUP(D12,_xlfn.ANCHORARRAY($A$42),$B$16:$B$18,0,0)} -> 1 | F26: ="INSERT INTO FatorProdução(FatorProducaoID, NomeComercial, FabricanteID, FormatoID, TipoFatorProducaoID) VALUES ("&B26&", '"&A26&"', "&C26&", "&D26&", "&E26&");" -> INSERT INTO FatorProdução(FatorProducaoID, NomeComercial, FabricanteID, FormatoID, TipoFatorProducaoID) VALUES (11, 'Requiem Prime', 2, 4, 1);
A28: Fabricante
A29: {=_xlfn.UNIQUE(B2:B12)} -> ASCENZA | B29: ="INSERT INTO Fabricante(FabricanteID, DesignacaoFabricante) VALUES ("&B16&", '"&A29&"');" -> INSERT INTO Fabricante(FabricanteID, DesignacaoFabricante) VALUES (1, 'ASCENZA');
A30: Bayer | B30: ="INSERT INTO Fabricante(FabricanteID, DesignacaoFabricante) VALUES ("&B17&", '"&A30&"');" -> INSERT INTO Fabricante(FabricanteID, DesignacaoFabricante) VALUES (2, 'Bayer'); | F30: 1
A31: K+S | B31: ="INSERT INTO Fabricante(FabricanteID, DesignacaoFabricante) VALUES ("&B18&", '"&A31&"');" -> INSERT INTO Fabricante(FabricanteID, DesignacaoFabricante) VALUES (3, 'K+S');
A32: Biocal | B32: ="INSERT INTO Fabricante(FabricanteID, DesignacaoFabricante) VALUES ("&B19&", '"&A32&"');" -> INSERT INTO Fabricante(FabricanteID, DesignacaoFabricante) VALUES (4, 'Biocal');
A34: Formato
A35: {=_xlfn.UNIQUE(C2:C12)} -> Pó molhável | B35: ="INSERT INTO Formato(FormatoID, DescricaoFormato) VALUES ("&B16&", '"&A35&"');" -> INSERT INTO Formato(FormatoID, DescricaoFormato) VALUES (1, 'Pó molhável'); | F35: 2
A36: Granulado | B36: ="INSERT INTO Formato(FormatoID, DescricaoFormato) VALUES ("&B17&", '"&A36&"');" -> INSERT INTO Formato(FormatoID, DescricaoFormato) VALUES (2, 'Granulado');
A37: Pó | B37: ="INSERT INTO Formato(FormatoID, DescricaoFormato) VALUES ("&B18&", '"&A37&"');" -> INSERT INTO Formato(FormatoID, DescricaoFormato) VALUES (3, 'Pó');
A38: Líquido | B38: ="INSERT INTO Formato(FormatoID, DescricaoFormato) VALUES ("&B19&", '"&A38&"');" -> INSERT INTO Formato(FormatoID, DescricaoFormato) VALUES (4, 'Líquido');
A39: Emulsão de óleo em água | B39: ="INSERT INTO Formato(FormatoID, DescricaoFormato) VALUES ("&B20&", '"&A39&"');" -> INSERT INTO Formato(FormatoID, DescricaoFormato) VALUES (5, 'Emulsão de óleo em água');
A41: TipoFatorProducao
A42: {=_xlfn.UNIQUE(D2:D12)} -> Fitofármaco | B42: ="INSERT INTO TipoFatorProducao(TipoFatorProducaoID, DescricaoTipoFatorProducao) VALUES ("&B16&", '"&A42&"');" -> INSERT INTO TipoFatorProducao(TipoFatorProducaoID, DescricaoTipoFatorProducao) VALUES (1, 'Fitofármaco'); | G42: 3
A43: Adubo | B43: ="INSERT INTO TipoFatorProducao(TipoFatorProducaoID, DescricaoTipoFatorProducao) VALUES ("&B17&", '"&A43&"');" -> INSERT INTO TipoFatorProducao(TipoFatorProducaoID, DescricaoTipoFatorProducao) VALUES (2, 'Adubo');
A44: Corretor | B44: ="INSERT INTO TipoFatorProducao(TipoFatorProducaoID, DescricaoTipoFatorProducao) VALUES ("&B18&", '"&A44&"');" -> INSERT INTO TipoFatorProducao(TipoFatorProducaoID, DescricaoTipoFatorProducao) VALUES (3, 'Corretor');
A45: aux
A46: {=_xlfn.UNIQUE(F2:F12)} -> CU | B46: Elemento
A47: S | B47: 1 | C47: {=_xlfn.UNIQUE(A46:A59)} -> CU | D47: ="INSERT INTO Elemento(ElementoID, Nome) VALUES ("&B47&", '"&C47&"');" -> INSERT INTO Elemento(ElementoID, Nome) VALUES (1, 'CU'); | G47: 4
A48: K | B48: =B47+1 -> 2 | C48: S | D48: ="INSERT INTO Elemento(ElementoID, Nome) VALUES ("&B48&", '"&C48&"');" -> INSERT INTO Elemento(ElementoID, Nome) VALUES (2, 'S');
A49: Mg | B49: =B48+1 -> 3 | C49: K | D49: ="INSERT INTO Elemento(ElementoID, Nome) VALUES ("&B49&", '"&C49&"');" -> INSERT INTO Elemento(ElementoID, Nome) VALUES (3, 'K');
A50: CaCO3 | B50: =B49+1 -> 4 | C50: Mg | D50: ="INSERT INTO Elemento(ElementoID, Nome) VALUES ("&B50&", '"&C50&"');" -> INSERT INTO Elemento(ElementoID, Nome) VALUES (4, 'Mg');
A51: Bacillus pumilus | B51: =B50+1 -> 5 | C51: CaCO3 | D51: ="INSERT INTO Elemento(ElementoID, Nome) VALUES ("&B51&", '"&C51&"');" -> INSERT INTO Elemento(ElementoID, Nome) VALUES (5, 'CaCO3');
A52: Ácidos gordos (na forma de sais de potássio) | B52: =B51+1 -> 6 | C52: Bacillus pumilus | D52: ="INSERT INTO Elemento(ElementoID, Nome) VALUES ("&B52&", '"&C52&"');" -> INSERT INTO Elemento(ElementoID, Nome) VALUES (6, 'Bacillus pumilus');
A53: Terpenóides | B53: =B52+1 -> 7 | C53: Ácidos gordos (na forma de sais de potássio) | D53: ="INSERT INTO Elemento(ElementoID, Nome) VALUES ("&B53&", '"&C53&"');" -> INSERT INTO Elemento(ElementoID, Nome) VALUES (7, 'Ácidos gordos (na forma de sais de potássio)');
A54: {=_xlfn.UNIQUE(H4:H9)} -> Mg | B54: =B53+1 -> 8 | C54: Terpenóides | D54: ="INSERT INTO Elemento(ElementoID, Nome) VALUES ("&B54&", '"&C54&"');" -> INSERT INTO Elemento(ElementoID, Nome) VALUES (8, 'Terpenóides');
A55: S | B55: =B54+1 -> 9 | C55: MgCO3 | D55: ="INSERT INTO Elemento(ElementoID, Nome) VALUES ("&B55&", '"&C55&"');" -> INSERT INTO Elemento(ElementoID, Nome) VALUES (9, 'MgCO3');
A56: MgCO3 | B56: =B55+1 -> 10 | C56: Mn | D56: ="INSERT INTO Elemento(ElementoID, Nome) VALUES ("&B56&", '"&C56&"');" -> INSERT INTO Elemento(ElementoID, Nome) VALUES (10, 'Mn');
A57: Mn | B57: =B56+1 -> 11 | C57: MgO | D57: ="INSERT INTO Elemento(ElementoID, Nome) VALUES ("&B57&", '"&C57&"');" -> INSERT INTO Elemento(ElementoID, Nome) VALUES (11, 'MgO');
A58: MgO | B58: =B57+1 -> 12 | C58: B | D58: ="INSERT INTO Elemento(ElementoID, Nome) VALUES ("&B58&", '"&C58&"');" -> INSERT INTO Elemento(ElementoID, Nome) VALUES (12, 'B');
A59: B
A61: FatorProducao_Elemento
A62: ElementoID | B62: FatorProducaoID | C62: Quantidade
A63: {=_xlfn.XLOOKUP(F2,_xlfn.ANCHORARRAY($C$47),$B$47:$B$58,0,0)} -> 1 | B63: {=_xlfn.XLOOKUP(A2,_xlfn.ANCHORARRAY($A$16),$B$16:$B$26,0,0)} -> 1 | C63: =G2 -> 0.2 | D63: ="INSERT INTO FatorProducao_Elemento(ElementoID, FatorProducaoID, Quantidade) VALUES ("&A63&", "&B63&", "&SUBSTITUTE(C63,",",".")&");" -> INSERT INTO FatorProducao_Elemento(ElementoID, FatorProducaoID, Quantidade) VALUES (1, 1, 0.2); | I63: 6
A64: {=_xlfn.XLOOKUP(F3,_xlfn.ANCHORARRAY($C$47),$B$47:$B$58,0,0)} -> 2 | B64: {=_xlfn.XLOOKUP(A3,_xlfn.ANCHORARRAY($A$16),$B$16:$B$26,0,0)} -> 2 | C64: =G3 -> 0.8 | D64: ="INSERT INTO FatorProducao_Elemento(ElementoID, FatorProducaoID, Quantidade) VALUES ("&A64&", "&B64&", "&SUBSTITUTE(C64,",",".")&");" -> INSERT INTO FatorProducao_Elemento(ElementoID, FatorProducaoID, Quantidade) VALUES (2, 2, 0.8);
A65: {=_xlfn.XLOOKUP(F4,_xlfn.ANCHORARRAY($C$47),$B$47:$B$58,0,0)} -> 3 | B65: {=_xlfn.XLOOKUP(A4,_xlfn.ANCHORARRAY($A$16),$B$16:$B$26,0,0)} -> 3 | C65: =G4 -> 0.249 | D65: ="INSERT INTO FatorProducao_Elemento(ElementoID, FatorProducaoID, Quantidade) VALUES ("&A65&", "&B65&", "&SUBSTITUTE(C65,",",".")&");" -> INSERT INTO FatorProducao_Elemento(ElementoID, FatorProducaoID, Quantidade) VALUES (3, 3, 0.249);
A66: {=_xlfn.XLOOKUP(F5,_xlfn.ANCHORARRAY($C$47),$B$47:$B$58,0,0)} -> 4 | B66: {=_xlfn.XLOOKUP(A5,_xlfn.ANCHORARRAY($A$16),$B$16:$B$26,0,0)} -> 4 | C66: =G5 -> 0.151 | D66: ="INSERT INTO FatorProducao_Elemento(ElementoID, FatorProducaoID, Quantidade) VALUES ("&A66&", "&B66&", "&SUBSTITUTE(C66,",",".")&");" -> INSERT INTO FatorProducao_Elemento(ElementoID, FatorProducaoID, Quantidade) VALUES (4, 4, 0.151);
A67: {=_xlfn.XLOOKUP(F6,_xlfn.ANCHORARRAY($C$47),$B$47:$B$58,0,0)} -> 4 | B67: {=_xlfn.XLOOKUP(A6,_xlfn.ANCHORARRAY($A$16),$B$16:$B$26,0,0)} -> 5 | C67: =G6 -> 0.09 | D67: ="INSERT INTO FatorProducao_Elemento(ElementoID, FatorProducaoID, Quantidade) VALUES ("&A67&", "&B67&", "&SUBSTITUTE(C67,",",".")&");" -> INSERT INTO FatorProducao_Elemento(ElementoID, FatorProducaoID, Quantidade) VALUES (4, 5, 0.09);
A68: {=_xlfn.XLOOKUP(F7,_xlfn.ANCHORARRAY($C$47),$B$47:$B$58,0,0)} -> 4 | B68: {=_xlfn.XLOOKUP(A7,_xlfn.ANCHORARRAY($A$16),$B$16:$B$26,0,0)} -> 6 | C68: =G7 -> 0.096 | D68: ="INSERT INTO FatorProducao_Elemento(ElementoID, FatorProducaoID, Quantidade) VALUES ("&A68&", "&B68&", "&SUBSTITUTE(C68,",",".")&");" -> INSERT INTO FatorProducao_Elemento(ElementoID, FatorProducaoID, Quantidade) VALUES (4, 6, 0.096);
A69: {=_xlfn.XLOOKUP(F8,_xlfn.ANCHORARRAY($C$47),$B$47:$B$58,0,0)} -> 5 | B69: {=_xlfn.XLOOKUP(A8,_xlfn.ANCHORARRAY($A$16),$B$16:$B$26,0,0)} -> 7 | C69: =G8 -> 0.882 | D69: ="INSERT INTO FatorProducao_Elemento(ElementoID, FatorProducaoID, Quantidade) VALUES ("&A69&", "&B69&", "&SUBSTITUTE(C69,",",".")&");" -> INSERT INTO FatorProducao_Elemento(ElementoID, FatorProducaoID, Quantidade) VALUES (5, 7, 0.882);
A70: {=_xlfn.XLOOKUP(F9,_xlfn.ANCHORARRAY($C$47),$B$47:$B$58,0,0)} -> 5 | B70: {=_xlfn.XLOOKUP(A9,_xlfn.ANCHORARRAY($A$16),$B$16:$B$26,0,0)} -> 8 | C70: =G9 -> 0.717 | D70: ="INSERT INTO FatorProducao_Elemento(ElementoID, FatorProducaoID, Quantidade) VALUES ("&A70&", "&B70&", "&SUBSTITUTE(C70,",",".")&");" -> INSERT INTO FatorProducao_Elemento(ElementoID, FatorProducaoID, Quantidade) VALUES (5, 8, 0.717);
A71: {=_xlfn.XLOOKUP(F10,_xlfn.ANCHORARRAY($C$47),$B$47:$B$58,0,0)} -> 6 | B71: {=_xlfn.XLOOKUP(A10,_xlfn.ANCHORARRAY($A$16),$B$16:$B$26,0,0)} -> 9 | C71: =G10 -> 0.9774 | D71: ="INSERT INTO FatorProducao_Elemento(ElementoID, FatorProducaoID, Quantidade) VALUES ("&A71&", "&B71&", "&SUBSTITUTE(C71,",",".")&");" -> INSERT INTO FatorProducao_Elemento(ElementoID, FatorProducaoID, Quantidade) VALUES (6, 9, 0.9774);
A72: {=_xlfn.XLOOKUP(F11,_xlfn.ANCHORARRAY($C$47),$B$47:$B$58,0,0)} -> 7 | B72: {=_xlfn.XLOOKUP(A11,_xlfn.ANCHORARRAY($A$16),$B$16:$B$26,0,0)} -> 10 | C72: =G11 -> 0.478 | D72: ="INSERT INTO FatorProducao_Elemento(ElementoID, FatorProducaoID, Quantidade) VALUES ("&A72&", "&B72&", "&SUBSTITUTE(C72,",",".")&");" -> INSERT INTO FatorProducao_Elemento(ElementoID, FatorProducaoID, Quantidade) VALUES (7, 10, 0.478);
A73: {=_xlfn.XLOOKUP(F12,_xlfn.ANCHORARRAY($C$47),$B$47:$B$58,0,0)} -> 8 | B73: {=_xlfn.XLOOKUP(A12,_xlfn.ANCHORARRAY($A$16),$B$16:$B$26,0,0)} -> 11 | C73: =G12 -> 0.1442 | D73: ="INSERT INTO FatorProducao_Elemento(ElementoID, FatorProducaoID, Quantidade) VALUES ("&A73&", "&B73&", "&SUBSTITUTE(C73,",",".")&");" -> INSERT INTO FatorProducao_Elemento(ElementoID, FatorProducaoID, Quantidade) VALUES (8, 11, 0.1442);
A74: {=_xlfn.XLOOKUP(H4,_xlfn.ANCHORARRAY($C$47),$B$47:$B$58,0,0)} -> 4 | B74: {=_xlfn.XLOOKUP(A4,_xlfn.ANCHORARRAY($A$16),B16:B26,0,0)} -> 3 | C74: =I4 -> 0.06 | D74: ="INSERT INTO FatorProducao_Elemento(ElementoID, FatorProducaoID, Quantidade) VALUES ("&A74&", "&B74&", "&SUBSTITUTE(C74,",",".")&");" -> INSERT INTO FatorProducao_Elemento(ElementoID, FatorProducaoID, Quantidade) VALUES (4, 3, 0.06);
A75: {=_xlfn.XLOOKUP(H5,_xlfn.ANCHORARRAY($C$47),$B$47:$B$58,0,0)} -> 2 | B75: {=_xlfn.XLOOKUP(A5,_xlfn.ANCHORARRAY($A$16),B17:B27,0,0)} -> 5 | C75: =I5 -> 0.208 | D75: ="INSERT INTO FatorProducao_Elemento(ElementoID, FatorProducaoID, Quantidade) VALUES ("&A75&", "&B75&", "&SUBSTITUTE(C75,",",".")&");" -> INSERT INTO FatorProducao_Elemento(ElementoID, FatorProducaoID, Quantidade) VALUES (2, 5, 0.208);
A76: {=_xlfn.XLOOKUP(H6,_xlfn.ANCHORARRAY($C$47),$B$47:$B$58,0,0)} -> 2 | B76: {=_xlfn.XLOOKUP(A6,_xlfn.ANCHORARRAY($A$16),B18:B28,0,0)} -> 7 | C76: =I6 -> 0.124 | D76: ="INSERT INTO FatorProducao_Elemento(ElementoID, FatorProducaoID, Quantidade) VALUES ("&A76&", "&B76&", "&SUBSTITUTE(C76,",",".")&");" -> INSERT INTO FatorProducao_Elemento(ElementoID, FatorProducaoID, Quantidade) VALUES (2, 7, 0.124);
A77: {=_xlfn.XLOOKUP(H7,_xlfn.ANCHORARRAY($C$47),$B$47:$B$58,0,0)} -> 2 | B77: {=_xlfn.XLOOKUP(A7,_xlfn.ANCHORARRAY($A$16),B19:B29,0,0)} -> 9 | C77: =I7 -> 0.13 | D77: ="INSERT INTO FatorProducao_Elemento(ElementoID, FatorProducaoID, Quantidade) VALUES ("&A77&", "&B77&", "&SUBSTITUTE(C77,",",".")&");" -> INSERT INTO FatorProducao_Elemento(ElementoID, FatorProducaoID, Quantidade) VALUES (2, 9, 0.13);
A78: {=_xlfn.XLOOKUP(H8,_xlfn.ANCHORARRAY($C$47),$B$47:$B$58,0,0)} -> 9 | B78: {=_xlfn.XLOOKUP(A8,_xlfn.ANCHORARRAY($A$16),B20:B30,0,0)} -> 11 | C78: =I8 -> 0.019 | D78: ="INSERT INTO FatorProducao_Elemento(ElementoID, FatorProducaoID, Quantidade) VALUES ("&A78&", "&B78&", "&SUBSTITUTE(C78,",",".")&");" -> INSERT INTO FatorProducao_Elemento(ElementoID, FatorProducaoID, Quantidade) VALUES (9, 11, 0.019);
A79: {=_xlfn.XLOOKUP(H9,_xlfn.ANCHORARRAY($C$47),$B$47:$B$58,0,0)} -> 9 | B79: {=_xlfn.XLOOKUP(A9,_xlfn.ANCHORARRAY($A$16),$B$16:$B$26,0,0)} -> 8 | C79: =I9 -> 0.148 | D79: ="INSERT INTO FatorProducao_Elemento(ElementoID, FatorProducaoID, Quantidade) VALUES ("&A79&", "&B79&", "&SUBSTITUTE(C79,",",".")&");" -> INSERT INTO FatorProducao_Elemento(ElementoID, FatorProducaoID, Quantidade) VALUES (9, 8, 0.148);
A80: {=_xlfn.XLOOKUP(J4,_xlfn.ANCHORARRAY($C$47),$B$47:$B$58,0,0)} -> 2 | B80: {=_xlfn.XLOOKUP(A4,_xlfn.ANCHORARRAY($A$16),$B$16:$B$26,0,0)} -> 3 | C80: =K4 -> 0.176 | D80: ="INSERT INTO FatorProducao_Elemento(ElementoID, FatorProducaoID, Quantidade) VALUES ("&A80&", "&B80&", "&SUBSTITUTE(C80,",",".")&");" -> INSERT INTO FatorProducao_Elemento(ElementoID, FatorProducaoID, Quantidade) VALUES (2, 3, 0.176);
A81: {=_xlfn.XLOOKUP(J6,_xlfn.ANCHORARRAY($C$47),$B$47:$B$58,0,0)} -> 12 | B81: {=_xlfn.XLOOKUP(A6,_xlfn.ANCHORARRAY($A$16),$B$16:$B$26,0,0)} -> 5 | C81: =K6 -> 0.009 | D81: ="INSERT INTO FatorProducao_Elemento(ElementoID, FatorProducaoID, Quantidade) VALUES ("&A81&", "&B81&", "&SUBSTITUTE(C81,",",".")&");" -> INSERT INTO FatorProducao_Elemento(ElementoID, FatorProducaoID, Quantidade) VALUES (12, 5, 0.009);
A82: {=_xlfn.XLOOKUP(J9,_xlfn.ANCHORARRAY($C$47),$B$47:$B$58,0,0)} -> 11 | B82: {=_xlfn.XLOOKUP(A9,_xlfn.ANCHORARRAY($A$16),$B$16:$B$26,0,0)} -> 8 | C82: =K9 -> 0.079 | D82: ="INSERT INTO FatorProducao_Elemento(ElementoID, FatorProducaoID, Quantidade) VALUES ("&A82&", "&B82&", "&SUBSTITUTE(C82,",",".")&");" -> INSERT INTO FatorProducao_Elemento(ElementoID, FatorProducaoID, Quantidade) VALUES (11, 8, 0.079);
A83: {=_xlfn.XLOOKUP(L6,_xlfn.ANCHORARRAY($C$47),$B$47:$B$58,0,0)} -> 10 | B83: {=_xlfn.XLOOKUP(A6,_xlfn.ANCHORARRAY($A$16),$B$16:$B$26,0,0)} -> 5 | C83: =M6 -> 0.01 | D83: ="INSERT INTO FatorProducao_Elemento(ElementoID, FatorProducaoID, Quantidade) VALUES ("&A83&", "&B83&", "&SUBSTITUTE(C83,",",".")&");" -> INSERT INTO FatorProducao_Elemento(ElementoID, FatorProducaoID, Quantidade) VALUES (10, 5, 0.01);
A85: aux | B85: ViaAplicacao
A86: {=_xlfn.UNIQUE(E2:E12)} -> Fungicida | B86: DesignacaoViaAplicacao | C86: ViaAplicacaoID
A87: Adubo solo | B87: =A86 -> Fungicida | C87: 1 | D87: ="INSERT INTO ViaAplicacao(ViaAplicacaoID, DesignacaoViaAplicacao) VALUES ("&C87&", '"&B87&"');" -> INSERT INTO ViaAplicacao(ViaAplicacaoID, DesignacaoViaAplicacao) VALUES (1, 'Fungicida'); | H87: 7
A88: Adubo foliar+Fertirrega | B88: =A87 -> Adubo solo | C88: =1+C87 -> 2 | D88: ="INSERT INTO ViaAplicacao(ViaAplicacaoID, DesignacaoViaAplicacao) VALUES ("&C88&", '"&B88&"');" -> INSERT INTO ViaAplicacao(ViaAplicacaoID, DesignacaoViaAplicacao) VALUES (2, 'Adubo solo');
A89: Adubo foliar | B89: {=_xlfn.TEXTSPLIT(A88,,"+")} -> Adubo foliar | C89: =1+C88 -> 3 | D89: ="INSERT INTO ViaAplicacao(ViaAplicacaoID, DesignacaoViaAplicacao) VALUES ("&C89&", '"&B89&"');" -> INSERT INTO ViaAplicacao(ViaAplicacaoID, DesignacaoViaAplicacao) VALUES (3, 'Adubo foliar');
A90: Correção solo | B90: Fertirrega | C90: =1+C89 -> 4 | D90: ="INSERT INTO ViaAplicacao(ViaAplicacaoID, DesignacaoViaAplicacao) VALUES ("&C90&", '"&B90&"');" -> INSERT INTO ViaAplicacao(ViaAplicacaoID, DesignacaoViaAplicacao) VALUES (4, 'Fertirrega');
A91: Insecticida | B91: =A89 -> Adubo foliar | C91: =1+C90 -> 5 | D91: ="INSERT INTO ViaAplicacao(ViaAplicacaoID, DesignacaoViaAplicacao) VALUES ("&C91&", '"&B91&"');" -> INSERT INTO ViaAplicacao(ViaAplicacaoID, DesignacaoViaAplicacao) VALUES (5, 'Adubo foliar');
B92: =A90 -> Correção solo | C92: =1+C91 -> 6 | D92: ="INSERT INTO ViaAplicacao(ViaAplicacaoID, DesignacaoViaAplicacao) VALUES ("&C92&", '"&B92&"');" -> INSERT INTO ViaAplicacao(ViaAplicacaoID, DesignacaoViaAplicacao) VALUES (6, 'Correção solo');
B93: =A91 -> Insecticida | C93: =1+C92 -> 7 | D93: ="INSERT INTO ViaAplicacao(ViaAplicacaoID, DesignacaoViaAplicacao) VALUES ("&C93&", '"&B93&"');" -> INSERT INTO ViaAplicacao(ViaAplicacaoID, DesignacaoViaAplicacao) VALUES (7, 'Insecticida');
A95: ViaAplicacao_FatorProducao
A96: ViaAplicacaoID | B96: FatorProducaoID
A97: =_xlfn.XLOOKUP(E2,$B$87:$B$93,$C$87:$C$93,0,0) -> 1 | B97: {=_xlfn.XLOOKUP(A2,_xlfn.ANCHORARRAY($A$16),$B$16:$B$26,0,0)} -> 1 | C97: ="INSERT INTO ViaAplicacao_FatorProdução(ViaAplicacaoID, FatorProducaoID) VALUES ("&A97&", "&B97&");" -> INSERT INTO ViaAplicacao_FatorProdução(ViaAplicacaoID, FatorProducaoID) VALUES (1, 1); | G97: 8
A98: =_xlfn.XLOOKUP(E3,$B$87:$B$93,$C$87:$C$93,0,0) -> 1 | B98: {=_xlfn.XLOOKUP(A3,_xlfn.ANCHORARRAY($A$16),$B$16:$B$26,0,0)} -> 2 | C98: ="INSERT INTO ViaAplicacao_FatorProdução(ViaAplicacaoID, FatorProducaoID) VALUES ("&A98&", "&B98&");" -> INSERT INTO ViaAplicacao_FatorProdução(ViaAplicacaoID, FatorProducaoID) VALUES (1, 2);
A99: =_xlfn.XLOOKUP(E4,$B$87:$B$93,$C$87:$C$93,0,0) -> 2 | B99: {=_xlfn.XLOOKUP(A4,_xlfn.ANCHORARRAY($A$16),$B$16:$B$26,0,0)} -> 3 | C99: ="INSERT INTO ViaAplicacao_FatorProdução(ViaAplicacaoID, FatorProducaoID) VALUES ("&A99&", "&B99&");" -> INSERT INTO ViaAplicacao_FatorProdução(ViaAplicacaoID, FatorProducaoID) VALUES (2, 3);
A100: =_xlfn.XLOOKUP(E5,$B$87:$B$93,$C$87:$C$93,0,0) -> 2 | B100: {=_xlfn.XLOOKUP(A5,_xlfn.ANCHORARRAY($A$16),$B$16:$B$26,0,0)} -> 4 | C100: ="INSERT INTO ViaAplicacao_FatorProdução(ViaAplicacaoID, FatorProducaoID) VALUES ("&A100&", "&B100&");" -> INSERT INTO ViaAplicacao_FatorProdução(ViaAplicacaoID, FatorProducaoID) VALUES (2, 4);
A101: 3 | B101: {=_xlfn.XLOOKUP(A6,_xlfn.ANCHORARRAY($A$16),$B$16:$B$26,0,0)} -> 5 | C101: ="INSERT INTO ViaAplicacao_FatorProdução(ViaAplicacaoID, FatorProducaoID) VALUES ("&A101&", "&B101&");" -> INSERT INTO ViaAplicacao_FatorProdução(ViaAplicacaoID, FatorProducaoID) VALUES (3, 5);
A102: =_xlfn.XLOOKUP(E7,$B$87:$B$93,$C$87:$C$93,0,0) -> 3 | B102: {=_xlfn.XLOOKUP(A7,_xlfn.ANCHORARRAY($A$16),$B$16:$B$26,0,0)} -> 6 | C102: ="INSERT INTO ViaAplicacao_FatorProdução(ViaAplicacaoID, FatorProducaoID) VALUES ("&A102&", "&B102&");" -> INSERT INTO ViaAplicacao_FatorProdução(ViaAplicacaoID, FatorProducaoID) VALUES (3, 6);
A103: =_xlfn.XLOOKUP(E8,$B$87:$B$93,$C$87:$C$93,0,0) -> 6 | B103: {=_xlfn.XLOOKUP(A8,_xlfn.ANCHORARRAY($A$16),$B$16:$B$26,0,0)} -> 7 | C103: ="INSERT INTO ViaAplicacao_FatorProdução(ViaAplicacaoID, FatorProducaoID) VALUES ("&A103&", "&B103&");" -> INSERT INTO ViaAplicacao_FatorProdução(ViaAplicacaoID, FatorProducaoID) VALUES (6, 7);
A104: =_xlfn.XLOOKUP(E9,$B$87:$B$93,$C$87:$C$93,0,0) -> 6 | B104: {=_xlfn.XLOOKUP(A9,_xlfn.ANCHORARRAY($A$16),$B$16:$B$26,0,0)} -> 8 | C104: ="INSERT INTO ViaAplicacao_FatorProdução(ViaAplicacaoID, FatorProducaoID) VALUES ("&A104&", "&B104&");" -> INSERT INTO ViaAplicacao_FatorProdução(ViaAplicacaoID, FatorProducaoID) VALUES (6, 8);
A105: =_xlfn.XLOOKUP(E10,$B$87:$B$93,$C$87:$C$93,0,0) -> 1 | B105: {=_xlfn.XLOOKUP(A10,_xlfn.ANCHORARRAY($A$16),$B$16:$B$26,0,0)} -> 9 | C105: ="INSERT INTO ViaAplicacao_FatorProdução(ViaAplicacaoID, FatorProducaoID) VALUES ("&A105&", "&B105&");" -> INSERT INTO ViaAplicacao_FatorProdução(ViaAplicacaoID, FatorProducaoID) VALUES (1, 9);
A106: =_xlfn.XLOOKUP(E11,$B$87:$B$93,$C$87:$C$93,0,0) -> 7 | B106: {=_xlfn.XLOOKUP(A11,_xlfn.ANCHORARRAY($A$16),$B$16:$B$26,0,0)} -> 10 | C106: ="INSERT INTO ViaAplicacao_FatorProdução(ViaAplicacaoID, FatorProducaoID) VALUES ("&A106&", "&B106&");" -> INSERT INTO ViaAplicacao_FatorProdução(ViaAplicacaoID, FatorProducaoID) VALUES (7, 10);
A107: =_xlfn.XLOOKUP(E12,$B$87:$B$93,$C$87:$C$93,0,0) -> 7 | B107: {=_xlfn.XLOOKUP(A12,_xlfn.ANCHORARRAY($A$16),$B$16:$B$26,0,0)} -> 11 | C107: ="INSERT INTO ViaAplicacao_FatorProdução(ViaAplicacaoID, FatorProducaoID) VALUES ("&A107&", "&B107&");" -> INSERT INTO ViaAplicacao_FatorProdução(ViaAplicacaoID, FatorProducaoID) VALUES (7, 11);
...

Sheet Exploração agrícola
A1: ID | B1: Tipo | C1: Designação | D1: Dimensão | E1: Unidade | F1: UnidadeID
A2: 101 | B2: Parcela | C2: Campo da bouça | D2: 1.2 | E2: ha | F2: =_xlfn.XLOOKUP(E2,Unidades!$C$3:$C$8,Unidades!$B$3:$B$8,0,0) -> 4 | I2: ="INSERT INTO Parcela(ParcelaID, Designacao, Area, UnidadeID) VALUES ("&A2&", '"&C2&"', "&SUBSTITUTE(D2,",",".")&", "&F2&" );" -> INSERT INTO Parcela(ParcelaID, Designacao, Area, UnidadeID) VALUES (101, 'Campo da bouça', 1.2, 4 ); | J2: 2
A3: 102 | B3: Parcela | C3: Campo grande | D3: 3 | E3: ha | F3: =_xlfn.XLOOKUP(E3,Unidades!$C$3:$C$8,Unidades!$B$3:$B$8,0,0) -> 4 | I3: ="INSERT INTO Parcela(ParcelaID, Designacao, Area, UnidadeID) VALUES ("&A3&", '"&C3&"', "&SUBSTITUTE(D3,",",".")&", "&F3&" );" -> INSERT INTO Parcela(ParcelaID, Designacao, Area, UnidadeID) VALUES (102, 'Campo grande', 3, 4 );
A4: 103 | B4: Parcela | C4: Campo do poço | D4: 1.5 | E4: ha | F4: =_xlfn.XLOOKUP(E4,Unidades!$C$3:$C$8,Unidades!$B$3:$B$8,0,0) -> 4 | I4: ="INSERT INTO Parcela(ParcelaID, Designacao, Area, UnidadeID) VALUES ("&A4&", '"&C4&"', "&SUBSTITUTE(D4,",",".")&", "&F4&" );" -> INSERT INTO Parcela(ParcelaID, Designacao, Area, UnidadeID) VALUES (103, 'Campo do poço', 1.5, 4 );
A5: 104 | B5: Parcela | C5: Lameiro da ponte | D5: 0.8 | E5: ha | F5: =_xlfn.XLOOKUP(E5,Unidades!$C$3:$C$8,Unidades!$B$3:$B$8,0,0) -> 4 | I5: ="INSERT INTO Parcela(ParcelaID, Designacao, Area, UnidadeID) VALUES ("&A5&", '"&C5&"', "&SUBSTITUTE(D5,",",".")&", "&F5&" );" -> INSERT INTO Parcela(ParcelaID, Designacao, Area, UnidadeID) VALUES (104, 'Lameiro da ponte', 0.8, 4 );
A6: 105 | B6: Parcela | C6: Lameiro do moinho | D6: 1.1 | E6: ha | F6: =_xlfn.XLOOKUP(E6,Unidades!$C$3:$C$8,Unidades!$B$3:$B$8,0,0) -> 4 | I6: ="INSERT INTO Parcela(ParcelaID, Designacao, Area, UnidadeID) VALUES ("&A6&", '"&C6&"', "&SUBSTITUTE(D6,",",".")&", "&F6&" );" -> INSERT INTO Parcela(ParcelaID, Designacao, Area, UnidadeID) VALUES (105, 'Lameiro do moinho', 1.1, 4 );
A7: 106 | B7: Parcela | C7: Horta nova | D7: 0.3 | E7: ha | F7: =_xlfn.XLOOKUP(E7,Unidades!$C$3:$C$8,Unidades!$B$3:$B$8,0,0) -> 4 | I7: ="INSERT INTO Parcela(ParcelaID, Designacao, Area, UnidadeID) VALUES ("&A7&", '"&C7&"', "&SUBSTITUTE(D7,",",".")&", "&F7&" );" -> INSERT INTO Parcela(ParcelaID, Designacao, Area, UnidadeID) VALUES (106, 'Horta nova', 0.3, 4 );
A8: 107 | B8: Parcela | C8: Vinha | D8: 2 | E8: ha | F8: =_xlfn.XLOOKUP(E8,Unidades!$C$3:$C$8,Unidades!$B$3:$B$8,0,0) -> 4 | G8: TipoID | I8: ="INSERT INTO Parcela(ParcelaID, Designacao, Area, UnidadeID) VALUES ("&A8&", '"&C8&"', "&SUBSTITUTE(D8,",",".")&", "&F8&" );" -> INSERT INTO Parcela(ParcelaID, Designacao, Area, UnidadeID) VALUES (107, 'Vinha', 2, 4 );
A9: 201 | B9: Armazém | C9: Espigueiro | D9: 600 | E9: m2 | F9: =_xlfn.XLOOKUP(E9,Unidades!$C$3:$C$8,Unidades!$B$3:$B$8,0,0) -> 5 | G9: =_xlfn.XLOOKUP(B9,$A$18:$A$21,$B$18:$B$21,0) -> 1 | I9: ="INSERT INTO Edificio(EdificioID, DesignacaoEdificio, Area, TipoEdificioID, UnidadeID) VALUES ("&A9&", '"&C9&"', "&IF(D9=0,0,D9)&", "&G9&", "&F9&");" -> INSERT INTO Edificio(EdificioID, DesignacaoEdificio, Area, TipoEdificioID, UnidadeID) VALUES (201, 'Espigueiro', 600, 1, 5); | J9: 3
A10: 202 | B10: Armazém | C10: Armazém novo | D10: 800 | E10: m2 | F10: =_xlfn.XLOOKUP(E10,Unidades!$C$3:$C$8,Unidades!$B$3:$B$8,0,0) -> 5 | G10: =_xlfn.XLOOKUP(B10,$A$18:$A$21,$B$18:$B$21,0) -> 1 | I10: ="INSERT INTO Edificio(EdificioID, DesignacaoEdificio, Area, TipoEdificioID, UnidadeID) VALUES ("&A10&", '"&C10&"', "&IF(D10=0,0,D10)&", "&G10&", "&F10&");" -> INSERT INTO Edificio(EdificioID, DesignacaoEdificio, Area, TipoEdificioID, UnidadeID) VALUES (202, 'Armazém novo', 800, 1, 5);
A11: 203 | B11: Garagem | C11: Armazém grande | D11: 900 | E11: m2 | F11: =_xlfn.XLOOKUP(E11,Unidades!$C$3:$C$8,Unidades!$B$3:$B$8,0,0) -> 5 | G11: =_xlfn.XLOOKUP(B11,$A$18:$A$21,$B$18:$B$21,0) -> 2 | I11: ="INSERT INTO Edificio(EdificioID, DesignacaoEdificio, Area, TipoEdificioID, UnidadeID) VALUES ("&A11&", '"&C11&"', "&IF(D11=0,0,D11)&", "&G11&", "&F11&");" -> INSERT INTO Edificio(EdificioID, DesignacaoEdificio, Area, TipoEdificioID, UnidadeID) VALUES (203, 'Armazém grande', 900, 2, 5);
A12: 250 | B12: Moinho | C12: Moinho | G12: =_xlfn.XLOOKUP(B12,$A$18:$A$21,$B$18:$B$21,0) -> 3 | I12: ="INSERT INTO Edificio(EdificioID, DesignacaoEdificio, Area, TipoEdificioID, UnidadeID) VALUES ("&A12&", '"&C12&"', "&IF(D12=0,0,D12)&", "&G12&", "&IF(F12="","''",0)&");" -> INSERT INTO Edificio(EdificioID, DesignacaoEdificio, Area, TipoEdificioID, UnidadeID) VALUES (250, 'Moinho', 0, 3, '');
A13: 301 | B13: Rega | C13: Tanque do campo grande | D13: 18 | E13: m3 | F13: =_xlfn.XLOOKUP(E13,Unidades!$C$3:$C$8,Unidades!$B$3:$B$8,0,0) -> 2 | G13: =_xlfn.XLOOKUP(B13,$A$18:$A$21,$B$18:$B$21,0) -> 4 | I13: ="INSERT INTO Edificio(EdificioID, DesignacaoEdificio, Area, TipoEdificioID, UnidadeID) VALUES ("&A13&", '"&C13&"', "&IF(D13=0,0,D13)&", "&G13&", "&F13&");" -> INSERT INTO Edificio(EdificioID, DesignacaoEdificio, Area, TipoEdificioID, UnidadeID) VALUES (301, 'Tanque do campo grande', 18, 4, 2);
A14: 302 | B14: Rega | C14: Poço da bouça | D14: 35 | E14: m3 | F14: =_xlfn.XLOOKUP(E14,Unidades!$C$3:$C$8,Unidades!$B$3:$B$8,0,0) -> 2 | G14: =_xlfn.XLOOKUP(B14,$A$18:$A$21,$B$18:$B$21,0) -> 4 | I14: ="INSERT INTO Edificio(EdificioID, DesignacaoEdificio, Area, TipoEdificioID, UnidadeID) VALUES ("&A14&", '"&C14&"', "&IF(D14=0,0,D14)&", "&G14&", "&F14&");" -> INSERT INTO Edificio(EdificioID, DesignacaoEdificio, Area, TipoEdificioID, UnidadeID) VALUES (302, 'Poço da bouça', 35, 4, 2);
A16: TipoDeEdificio
A17: Designacao | B17: ID
A18: {=_xlfn.UNIQUE(B9:B14)} -> Armazém | B18: 1
A19: Garagem | B19: =B18+1 -> 2
A20: Moinho | B20: =B19+1 -> 3
A21: Rega | B21: =B20+1 -> 4
A22: ="INSERT INTO TipoEdificio(TipoEdificioID, DesignacaoTipoEdificio) VALUES ("&B18&", '"&A18&"');" -> INSERT INTO TipoEdificio(TipoEdificioID, DesignacaoTipoEdificio) VALUES (1, 'Armazém'); | H22: 1
A23: ="INSERT INTO TipoEdificio(TipoEdificioID, DesignacaoTipoEdificio) VALUES ("&B19&", '"&A19&"');" -> INSERT INTO TipoEdificio(TipoEdificioID, DesignacaoTipoEdificio) VALUES (2, 'Garagem');
A24: ="INSERT INTO TipoEdificio(TipoEdificioID, DesignacaoTipoEdificio) VALUES ("&B20&", '"&A20&"');" -> INSERT INTO TipoEdificio(TipoEdificioID, DesignacaoTipoEdificio) VALUES (3, 'Moinho');
A25: ="INSERT INTO TipoEdificio(TipoEdificioID, DesignacaoTipoEdificio) VALUES ("&B21&", '"&A21&"');" -> INSERT INTO TipoEdificio(TipoEdificioID, DesignacaoTipoEdificio) VALUES (4, 'Rega');

Sheet Culturas
A1: ID | B1: Parcela | C1: Cultura | D1: Tipo | E1: Data Inicial | F1: Data Final | G1: Quantidade | H1: Unidades | I1: UnidadeID | J1: CulturaID | K1: CultivoID | L1: CREATE TABLE Cultivo (CultivoID number(10) NOT NULL, CulturaID number(10) NOT NULL, ParcelaID number(10) NOT NULL, DataInicio date NOT NULL, DataFim date, Quantidade number(10) NOT NULL, UnidadeID number(10), PRIMARY KEY (CultivoID));
A2: 101 | B2: Campo da bouça | C2: Tremoço Amarelo | D2: Temporária | E2: 44114 | F2: 44285 | G2: 1.1 | H2: ha | I2: =_xlfn.XLOOKUP(H2,Unidades!$C$3:$C$8,Unidades!$B$3:$B$8,0,0) -> 4 | J2: {=_xlfn.XLOOKUP(C2:C28,Plantas!$V$2:$V$96,Plantas!U2:U96,-1,0)} -> 80 | K2: 1 | L2: ="INSERT INTO Cultivo(CultivoID, CulturaID, ParcelaID, DataInicio, DataFim, Quantidade, UnidadeID) VALUES ("&K2&", "&J2&", "&A2&",TO_DATE('"&TEXT(E2,"dd/mm/aaaa")&"','dd/mm/yyyy'), TO_DATE('"&IF(F2<>"",TEXT(F2,"dd/mm/aaaa"),"")&"', 'dd/mm/yyyy'), "&SUBSTITUTE(G2,",",".")&", "&I2&");" -> INSERT INTO Cultivo(CultivoID, CulturaID, ParcelaID, DataInicio, DataFim, Quantidade, UnidadeID) VALUES (1, 80, 101,TO_DATE('10/10/2020','dd/mm/yyyy'), TO_DATE('30/03/2021', 'dd/mm/yyyy'), 1.1, 4);
A3: 101 | B3: Campo da bouça | C3: Milho Doce Golden Bantam | D3: Temporária | E3: 44296 | F3: 44420 | G3: 0.9 | H3: ha | I3: =_xlfn.XLOOKUP(H3,Unidades!$C$3:$C$8,Unidades!$B$3:$B$8,0,0) -> 4 | J3: 83 | K3: =K2+1 -> 2 | L3: ="INSERT INTO Cultivo(CultivoID, CulturaID, ParcelaID, DataInicio, DataFim, Quantidade, UnidadeID) VALUES ("&K3&", "&J3&", "&A3&",TO_DATE('"&TEXT(E3,"dd/mm/aaaa")&"','dd/mm/yyyy'), TO_DATE('"&IF(F3<>"",TEXT(F3,"dd/mm/aaaa"),"")&"', 'dd/mm/yyyy'), "&SUBSTITUTE(G3,",",".")&", "&I3&");" -> INSERT INTO Cultivo(CultivoID, CulturaID, ParcelaID, DataInicio, DataFim, Quantidade, UnidadeID) VALUES (2, 83, 101,TO_DATE('10/04/2021','dd/mm/yyyy'), TO_DATE('12/08/2021', 'dd/mm/yyyy'), 0.9, 4);
A4: 101 | B4: Campo da bouça | C4: Tremoço Amarelo | D4: Temporária | E4: 44472 | F4: 44656 | G4: 1.1 | H4: ha | I4: =_xlfn.XLOOKUP(H4,Unidades!$C$3:$C$8,Unidades!$B$3:$B$8,0,0) -> 4 | J4: 80 | K4: =K3+1 -> 3 | L4: ="INSERT INTO Cultivo(CultivoID, CulturaID, ParcelaID, DataInicio, DataFim, Quantidade, UnidadeID) VALUES ("&K4&", "&J4&", "&A4&",TO_DATE('"&TEXT(E4,"dd/mm/aaaa")&"','dd/mm/yyyy'), TO_DATE('"&IF(F4<>"",TEXT(F4,"dd/mm/aaaa"),"")&"', 'dd/mm/yyyy'), "&SUBSTITUTE(G4,",",".")&", "&I4&");" -> INSERT INTO Cultivo(CultivoID, CulturaID, ParcelaID, DataInicio, DataFim, Quantidade, UnidadeID) VALUES (3, 80, 101,TO_DATE('03/10/2021','dd/mm/yyyy'), TO_DATE('05/04/2022', 'dd/mm/yyyy'), 1.1, 4);
A5: 101 | B5: Campo da bouça | C5: Milho Doce Golden Bantam | D5: Temporária | E5: 44666 | F5: 44794 | G5: 0.9 | H5: ha | I5: =_xlfn.XLOOKUP(H5,Unidades!$C$3:$C$8,Unidades!$B$3:$B$8,0,0) -> 4 | J5: 83 | K5: =K4+1 -> 4 | L5: ="INSERT INTO Cultivo(CultivoID, CulturaID, ParcelaID, DataInicio, DataFim, Quantidade, UnidadeID) VALUES ("&K5&", "&J5&", "&A5&",TO_DATE('"&TEXT(E5,"dd/mm/aaaa")&"','dd/mm/yyyy'), TO_DATE('"&IF(F5<>"",TEXT(F5,"dd/mm/aaaa"),"")&"', 'dd/mm/yyyy'), "&SUBSTITUTE(G5,",",".")&", "&I5&");" -> INSERT INTO Cultivo(CultivoID, CulturaID, ParcelaID, DataInicio, DataFim, Quantidade, UnidadeID) VALUES (4, 83, 101,TO_DATE('15/04/2022','dd/mm/yyyy'), TO_DATE('21/08/2022', 'dd/mm/yyyy'), 0.9, 4);
A6: 103 | B6: Campo do poço | C6: Milho MAS 24.C | D6: Temporária | E6: 43926 | F6: 44063 | G6: 1.2 | H6: ha | I6: =_xlfn.XLOOKUP(H6,Unidades!$C$3:$C$8,Unidades!$B$3:$B$8,0,0) -> 4 | J6: 82 | K6: =K5+1 -> 5 | L6: ="INSERT INTO Cultivo(CultivoID, CulturaID, ParcelaID, DataInicio, DataFim, Quantidade, UnidadeID) VALUES ("&K6&", "&J6&", "&A6&",TO_DATE('"&TEXT(E6,"dd/mm/aaaa")&"','dd/mm/yyyy'), TO_DATE('"&IF(F6<>"",TEXT(F6,"dd/mm/aaaa"),"")&"', 'dd/mm/yyyy'), "&SUBSTITUTE(G6,",",".")&", "&I6&");" -> INSERT INTO Cultivo(CultivoID, CulturaID, ParcelaID, DataInicio, DataFim, Quantidade, UnidadeID) VALUES (5, 82, 103,TO_DATE('05/04/2020','dd/mm/yyyy'), TO_DATE('20/08/2020', 'dd/mm/yyyy'), 1.2, 4);
A7: 103 | B7: Campo do poço | C7: Tremoço Amarelo | D7: Temporária | E7: 44116 | F7: 44270 | G7: 1.3 | H7: ha | I7: =_xlfn.XLOOKUP(H7,Unidades!$C$3:$C$8,Unidades!$B$3:$B$8,0,0) -> 4 | J7: 80 | K7: =K6+1 -> 6 | L7: ="INSERT INTO Cultivo(CultivoID, CulturaID, ParcelaID, DataInicio, DataFim, Quantidade, UnidadeID) VALUES ("&K7&", "&J7&", "&A7&",TO_DATE('"&TEXT(E7,"dd/mm/aaaa")&"','dd/mm/yyyy'), TO_DATE('"&IF(F7<>"",TEXT(F7,"dd/mm/aaaa"),"")&"', 'dd/mm/yyyy'), "&SUBSTITUTE(G7,",",".")&", "&I7&");" -> INSERT INTO Cultivo(CultivoID, CulturaID, ParcelaID, DataInicio, DataFim, Quantidade, UnidadeID) VALUES (6, 80, 103,TO_DATE('12/10/2020','dd/mm/yyyy'), TO_DATE('15/03/2021', 'dd/mm/yyyy'), 1.3, 4);
A8: 103 | B8: Campo do poço | C8: Milho MAS 24.C | D8: Temporária | E8: 44289 | F8: 44433 | G8: 1.2 | H8: ha | I8: =_xlfn.XLOOKUP(H8,Unidades!$C$3:$C$8,Unidades!$B$3:$B$8,0,0) -> 4 | J8: 82 | K8: =K7+1 -> 7 | L8: ="INSERT INTO Cultivo(CultivoID, CulturaID, ParcelaID, DataInicio, DataFim, Quantidade, UnidadeID) VALUES ("&K8&", "&J8&", "&A8&",TO_DATE('"&TEXT(E8,"dd/mm/aaaa")&"','dd/mm/yyyy'), TO_DATE('"&IF(F8<>"",TEXT(F8,"dd/mm/aaaa"),"")&"', 'dd/mm/yyyy'), "&SUBSTITUTE(G8,",",".")&", "&I8&");" -> INSERT INTO Cultivo(CultivoID, CulturaID, ParcelaID, DataInicio, DataFim, Quantidade, UnidadeID) VALUES (7, 82, 103,TO_DATE('03/04/2021','dd/mm/yyyy'), TO_DATE('25/08/2021', 'dd/mm/yyyy'), 1.2, 4);
A9: 103 | B9: Campo do poço | C9: Tremoço Amarelo | D9: Temporária | E9: 44475 | F9: 44639 | G9: 1.3 | H9: ha | I9: =_xlfn.XLOOKUP(H9,Unidades!$C$3:$C$8,Unidades!$B$3:$B$8,0,0) -> 4 | J9: 80 | K9: =K8+1 -> 8 | L9: ="INSERT INTO Cultivo(CultivoID, CulturaID, ParcelaID, DataInicio, DataFim, Quantidade, UnidadeID) VALUES ("&K9&", "&J9&", "&A9&",TO_DATE('"&TEXT(E9,"dd/mm/aaaa")&"','dd/mm/yyyy'), TO_DATE('"&IF(F9<>"",TEXT(F9,"dd/mm/aaaa"),"")&"', 'dd/mm/yyyy'), "&SUBSTITUTE(G9,",",".")&", "&I9&");" -> INSERT INTO Cultivo(CultivoID, CulturaID, ParcelaID, DataInicio, DataFim, Quantidade, UnidadeID) VALUES (8, 80, 103,TO_DATE('06/10/2021','dd/mm/yyyy'), TO_DATE('19/03/2022', 'dd/mm/yyyy'), 1.3, 4);
A10: 103 | B10: Campo do poço | C10: Milho MAS 24.C | D10: Temporária | E10: 44659 | F10: 44791 | G10: 1.2 | H10: ha | I10: =_xlfn.XLOOKUP(H10,Unidades!$C$3:$C$8,Unidades!$B$3:$B$8,0,0) -> 4 | J10: 82 | K10: =K9+1 -> 9 | L10: ="INSERT INTO Cultivo(CultivoID, CulturaID, ParcelaID, DataInicio, DataFim, Quantidade, UnidadeID) VALUES ("&K10&", "&J10&", "&A10&",TO_DATE('"&TEXT(E10,"dd/mm/aaaa")&"','dd/mm/yyyy'), TO_DATE('"&IF(F10<>"",TEXT(F10,"dd/mm/aaaa"),"")&"', 'dd/mm/yyyy'), "&SUBSTITUTE(G10,",",".")&", "&I10&");" -> INSERT INTO Cultivo(CultivoID, CulturaID, ParcelaID, DataInicio, DataFim, Quantidade, UnidadeID) VALUES (9, 82, 103,TO_DATE('08/04/2022','dd/mm/yyyy'), TO_DATE('18/08/2022', 'dd/mm/yyyy'), 1.2, 4);
A11: 103 | B11: Campo do poço | C11: Tremoço Amarelo | D11: Temporária | E11: 44846 | F11: 45005 | G11: 1.3 | H11: ha | I11: =_xlfn.XLOOKUP(H11,Unidades!$C$3:$C$8,Unidades!$B$3:$B$8,0,0) -> 4 | J11: 80 | K11: =K10+1 -> 10 | L11: ="INSERT INTO Cultivo(CultivoID, CulturaID, ParcelaID, DataInicio, DataFim, Quantidade, UnidadeID) VALUES ("&K11&", "&J11&", "&A11&",TO_DATE('"&TEXT(E11,"dd/mm/aaaa")&"','dd/mm/yyyy'), TO_DATE('"&IF(F11<>"",TEXT(F11,"dd/mm/aaaa"),"")&"', 'dd/mm/yyyy'), "&SUBSTITUTE(G11,",",".")&", "&I11&");" -> INSERT INTO Cultivo(CultivoID, CulturaID, ParcelaID, DataInicio, DataFim, Quantidade, UnidadeID) VALUES (10, 80, 103,TO_DATE('12/10/2022','dd/mm/yyyy'), TO_DATE('20/03/2023', 'dd/mm/yyyy'), 1.3, 4);
A12: 102 | B12: Campo Grande | C12: Oliveira Galega | D12: Permanente | E12: 42649 | G12: 30 | H12: un | I12: =_xlfn.XLOOKUP(H12,Unidades!$C$3:$C$8,Unidades!$B$3:$B$8,0,0) -> 1 | J12: 92 | K12: =K11+1 -> 11 | L12: ="INSERT INTO Cultivo(CultivoID, CulturaID, ParcelaID, DataInicio, DataFim, Quantidade, UnidadeID) VALUES ("&K12&", "&J12&", "&A12&",TO_DATE('"&TEXT(E12,"dd/mm/aaaa")&"','dd/mm/yyyy'), TO_DATE('"&IF(F12<>"",TEXT(F12,"dd/mm/aaaa"),"")&"', 'dd/mm/yyyy'), "&SUBSTITUTE(G12,",",".")&", "&I12&");" -> INSERT INTO Cultivo(CultivoID, CulturaID, ParcelaID, DataInicio, DataFim, Quantidade, UnidadeID) VALUES (11, 92, 102,TO_DATE('06/10/2016','dd/mm/yyyy'), TO_DATE('', 'dd/mm/yyyy'), 30, 1);
A13: 102 | B13: Campo Grande | C13: Oliveira Picual | D13: Permanente | E13: 42653 | G13: 20 | H13: un | I13: =_xlfn.XLOOKUP(H13,Unidades!$C$3:$C$8,Unidades!$B$3:$B$8,0,0) -> 1 | J13: 89 | K13: =K12+1 -> 12 | L13: ="INSERT INTO Cultivo(CultivoID, CulturaID, ParcelaID, DataInicio, DataFim, Quantidade, UnidadeID) VALUES ("&K13&", "&J13&", "&A13&",TO_DATE('"&TEXT(E13,"dd/mm/aaaa")&"','dd/mm/yyyy'), TO_DATE('"&IF(F13<>"",TEXT(F13,"dd/mm/aaaa"),"")&"', 'dd/mm/yyyy'), "&SUBSTITUTE(G13,",",".")&", "&I13&");" -> INSERT INTO Cultivo(CultivoID, CulturaID, ParcelaID, DataInicio, DataFim, Quantidade, UnidadeID) VALUES (12, 89, 102,TO_DATE('10/10/2016','dd/mm/yyyy'), TO_DATE('', 'dd/mm/yyyy'), 20, 1);
A14: 106 | B14: Horta Nova | C14: Cenoura Scarlet Nantes | D14: Temporária | E14: 43900 | F14: 43966 | G14: 0.15 | H14: ha | I14: =_xlfn.XLOOKUP(H14,Unidades!$C$3:$C$8,Unidades!$B$3:$B$8,0,0) -> 4 | J14: 79 | K14: =K13+1 -> 13 | L14: ="INSERT INTO Cultivo(CultivoID, CulturaID, ParcelaID, DataInicio, DataFim, Quantidade, UnidadeID) VALUES ("&K14&", "&J14&", "&A14&",TO_DATE('"&TEXT(E14,"dd/mm/aaaa")&"','dd/mm/yyyy'), TO_DATE('"&IF(F14<>"",TEXT(F14,"dd/mm/aaaa"),"")&"', 'dd/mm/yyyy'), "&SUBSTITUTE(G14,",",".")&", "&I14&");" -> INSERT INTO Cultivo(CultivoID, CulturaID, ParcelaID, DataInicio, DataFim, Quantidade, UnidadeID) VALUES (13, 79, 106,TO_DATE('10/03/2020','dd/mm/yyyy'), TO_DATE('15/05/2020', 'dd/mm/yyyy'), 0.15, 4);
A15: 106 | B15: Horta Nova | C15: Cenoura Nelson Hybrid | D15: Temporária | E15: 43984 | F15: 44082 | G15: 0.1 | H15: ha | I15: =_xlfn.XLOOKUP(H15,Unidades!$C$3:$C$8,Unidades!$B$3:$B$8,0,0) -> 4 | J15: 78 | K15: =K14+1 -> 14 | L15: ="INSERT INTO Cultivo(CultivoID, CulturaID, ParcelaID, DataInicio, DataFim, Quantidade, UnidadeID) VALUES ("&K15&", "&J15&", "&A15&",TO_DATE('"&TEXT(E15,"dd/mm/aaaa")&"','dd/mm/yyyy'), TO_DATE('"&IF(F15<>"",TEXT(F15,"dd/mm/aaaa"),"")&"', 'dd/mm/yyyy'), "&SUBSTITUTE(G15,",",".")&", "&I15&");" -> INSERT INTO Cultivo(CultivoID, CulturaID, ParcelaID, DataInicio, DataFim, Quantidade, UnidadeID) VALUES (14, 78, 106,TO_DATE('02/06/2020','dd/mm/yyyy'), TO_DATE('08/09/2020', 'dd/mm/yyyy'), 0.1, 4);
A16: 106 | B16: Horta Nova | C16: Nabo S. Cosme | D16: Temporária | E16: 44094 | F16: 44206 | G16: 0.2 | H16: ha | I16: =_xlfn.XLOOKUP(H16,Unidades!$C$3:$C$8,Unidades!$B$3:$B$8,0,0) -> 4 | J16: 93 | K16: =K15+1 -> 15 | L16: ="INSERT INTO Cultivo(CultivoID, CulturaID, ParcelaID, DataInicio, DataFim, Quantidade, UnidadeID) VALUES ("&K16&", "&J16&", "&A16&",TO_DATE('"&TEXT(E16,"dd/mm/aaaa")&"','dd/mm/yyyy'), TO_DATE('"&IF(F16<>"",TEXT(F16,"dd/mm/aaaa"),"")&"', 'dd/mm/yyyy'), "&SUBSTITUTE(G16,",",".")&", "&I16&");" -> INSERT INTO Cultivo(CultivoID, CulturaID, ParcelaID, DataInicio, DataFim, Quantidade, UnidadeID) VALUES (15, 93, 106,TO_DATE('20/09/2020','dd/mm/yyyy'), TO_DATE('10/01/2021', 'dd/mm/yyyy'), 0.2, 4);
A17: 106 | B17: Horta Nova | C17: Cenoura Sugarsnax Hybrid | D17: Temporária | E17: 44265 | F17: 44331 | G17: 0.15 | H17: ha | I17: =_xlfn.XLOOKUP(H17,Unidades!$C$3:$C$8,Unidades!$B$3:$B$8,0,0) -> 4 | J17: 77 | K17: =K16+1 -> 16 | L17: ="INSERT INTO Cultivo(CultivoID, CulturaID, ParcelaID, DataInicio, DataFim, Quantidade, UnidadeID) VALUES ("&K17&", "&J17&", "&A17&",TO_DATE('"&TEXT(E17,"dd/mm/aaaa")&"','dd/mm/yyyy'), TO_DATE('"&IF(F17<>"",TEXT(F17,"dd/mm/aaaa"),"")&"', 'dd/mm/yyyy'), "&SUBSTITUTE(G17,",",".")&", "&I17&");" -> INSERT INTO Cultivo(CultivoID, CulturaID, ParcelaID, DataInicio, DataFim, Quantidade, UnidadeID) VALUES (16, 77, 106,TO_DATE('10/03/2021','dd/mm/yyyy'), TO_DATE('15/05/2021', 'dd/mm/yyyy'), 0.15, 4);
A18: 106 | B18: Horta Nova | C18: Cenoura Danvers Half Long | D18: Temporária | E18: 44349 | F18: 44447 | G18: 0.1 | H18: ha | I18: =_xlfn.XLOOKUP(H18,Unidades!$C$3:$C$8,Unidades!$B$3:$B$8,0,0) -> 4 | J18: 75 | K18: =K17+1 -> 17 | L18: ="INSERT INTO Cultivo(CultivoID, CulturaID, ParcelaID, DataInicio, DataFim, Quantidade, UnidadeID) VALUES ("&K18&", "&J18&", "&A18&",TO_DATE('"&TEXT(E18,"dd/mm/aaaa")&"','dd/mm/yyyy'), TO_DATE('"&IF(F18<>"",TEXT(F18,"dd/mm/aaaa"),"")&"', 'dd/mm/yyyy'), "&SUBSTITUTE(G18,",",".")&", "&I18&");" -> INSERT INTO Cultivo(CultivoID, CulturaID, ParcelaID, DataInicio, DataFim, Quantidade, UnidadeID) VALUES (17, 75, 106,TO_DATE('02/06/2021','dd/mm/yyyy'), TO_DATE('08/09/2021', 'dd/mm/yyyy'), 0.1, 4);
A19: 106 | B19: Horta Nova | C19: Nabo S. Cosme | D19: Temporária | E19: 44459 | F19: 44571 | G19: 0.2 | H19: ha | I19: =_xlfn.XLOOKUP(H19,Unidades!$C$3:$C$8,Unidades!$B$3:$B$8,0,0) -> 4 | J19: 93 | K19: =K18+1 -> 18 | L19: ="INSERT INTO Cultivo(CultivoID, CulturaID, ParcelaID, DataInicio, DataFim, Quantidade, UnidadeID) VALUES ("&K19&", "&J19&", "&A19&",TO_DATE('"&TEXT(E19,"dd/mm/aaaa")&"','dd/mm/yyyy'), TO_DATE('"&IF(F19<>"",TEXT(F19,"dd/mm/aaaa"),"")&"', 'dd/mm/yyyy'), "&SUBSTITUTE(G19,",",".")&", "&I19&");" -> INSERT INTO Cultivo(CultivoID, CulturaID, ParcelaID, DataInicio, DataFim, Quantidade, UnidadeID) VALUES (18, 93, 106,TO_DATE('20/09/2021','dd/mm/yyyy'), TO_DATE('10/01/2022', 'dd/mm/yyyy'), 0.2, 4);
A20: 106 | B20: Horta Nova | C20: Cenoura Sugarsnax Hybrid | D20: Temporária | E20: 44626 | F20: 44697 | G20: 0.15 | H20: ha | I20: =_xlfn.XLOOKUP(H20,Unidades!$C$3:$C$8,Unidades!$B$3:$B$8,0,0) -> 4 | J20: 77 | K20: =K19+1 -> 19 | L20: ="INSERT INTO Cultivo(CultivoID, CulturaID, ParcelaID, DataInicio, DataFim, Quantidade, UnidadeID) VALUES ("&K20&", "&J20&", "&A20&",TO_DATE('"&TEXT(E20,"dd/mm/aaaa")&"','dd/mm/yyyy'), TO_DATE('"&IF(F20<>"",TEXT(F20,"dd/mm/aaaa"),"")&"', 'dd/mm/yyyy'), "&SUBSTITUTE(G20,",",".")&", "&I20&");" -> INSERT INTO Cultivo(CultivoID, CulturaID, ParcelaID, DataInicio, DataFim, Quantidade, UnidadeID) VALUES (19, 77, 106,TO_DATE('06/03/2022','dd/mm/yyyy'), TO_DATE('16/05/2022', 'dd/mm/yyyy'), 0.15, 4);
A21: 106 | B21: Horta Nova | C21: Cenoura Nelson Hybrid | D21: Temporária | E21: 44711 | F21: 44809 | G21: 0.15 | H21: ha | I21: =_xlfn.XLOOKUP(H21,Unidades!$C$3:$C$8,Unidades!$B$3:$B$8,0,0) -> 4 | J21: 78 | K21: =K20+1 -> 20 | L21: ="INSERT INTO Cultivo(CultivoID, CulturaID, ParcelaID, DataInicio, DataFim, Quantidade, UnidadeID) VALUES ("&K21&", "&J21&", "&A21&",TO_DATE('"&TEXT(E21,"dd/mm/aaaa")&"','dd/mm/yyyy'), TO_DATE('"&IF(F21<>"",TEXT(F21,"dd/mm/aaaa"),"")&"', 'dd/mm/yyyy'), "&SUBSTITUTE(G21,",",".")&", "&I21&");" -> INSERT INTO Cultivo(CultivoID, CulturaID, ParcelaID, DataInicio, DataFim, Quantidade, UnidadeID) VALUES (20, 78, 106,TO_DATE('30/05/2022','dd/mm/yyyy'), TO_DATE('05/09/2022', 'dd/mm/yyyy'), 0.15, 4);
A22: 106 | B22: Horta Nova | C22: Nabo greleiro Senhora Conceição | D22: Temporária | E22: 44824 | F22: 44940 | G22: 0.25 | H22: ha | I22: =_xlfn.XLOOKUP(H22,Unidades!$C$3:$C$8,Unidades!$B$3:$B$8,0,0) -> 4 | J22: 84 | K22: =K21+1 -> 21 | L22: ="INSERT INTO Cultivo(CultivoID, CulturaID, ParcelaID, DataInicio, DataFim, Quantidade, UnidadeID) VALUES ("&K22&", "&J22&", "&A22&",TO_DATE('"&TEXT(E22,"dd/mm/aaaa")&"','dd/mm/yyyy'), TO_DATE('"&IF(F22<>"",TEXT(F22,"dd/mm/aaaa"),"")&"', 'dd/mm/yyyy'), "&SUBSTITUTE(G22,",",".")&", "&I22&");" -> INSERT INTO Cultivo(CultivoID, CulturaID, ParcelaID, DataInicio, DataFim, Quantidade, UnidadeID) VALUES (21, 84, 106,TO_DATE('20/09/2022','dd/mm/yyyy'), TO_DATE('14/01/2023', 'dd/mm/yyyy'), 0.25, 4);
A23: 104 | B23: Lameiro da ponte | C23: Macieira Jonagored | D23: Permanente | E23: 42742 | G23: 90 | H23: un | I23: =_xlfn.XLOOKUP(H23,Unidades!$C$3:$C$8,Unidades!$B$3:$B$8,0,0) -> 1 | J23: 41 | K23: =K22+1 -> 22 | L23: ="INSERT INTO Cultivo(CultivoID, CulturaID, ParcelaID, DataInicio, DataFim, Quantidade, UnidadeID) VALUES ("&K23&", "&J23&", "&A23&",TO_DATE('"&TEXT(E23,"dd/mm/aaaa")&"','dd/mm/yyyy'), TO_DATE('"&IF(F23<>"",TEXT(F23,"dd/mm/aaaa"),"")&"', 'dd/mm/yyyy'), "&SUBSTITUTE(G23,",",".")&", "&I23&");" -> INSERT INTO Cultivo(CultivoID, CulturaID, ParcelaID, DataInicio, DataFim, Quantidade, UnidadeID) VALUES (22, 41, 104,TO_DATE('07/01/2017','dd/mm/yyyy'), TO_DATE('', 'dd/mm/yyyy'), 90, 1);
A24: 104 | B24: Lameiro da ponte | C24: Macieira Fuji | D24: Permanente | E24: 42743 | G24: 60 | H24: un | I24: =_xlfn.XLOOKUP(H24,Unidades!$C$3:$C$8,Unidades!$B$3:$B$8,0,0) -> 1 | J24: 37 | K24: =K23+1 -> 23 | L24: ="INSERT INTO Cultivo(CultivoID, CulturaID, ParcelaID, DataInicio, DataFim, Quantidade, UnidadeID) VALUES ("&K24&", "&J24&", "&A24&",TO_DATE('"&TEXT(E24,"dd/mm/aaaa")&"','dd/mm/yyyy'), TO_DATE('"&IF(F24<>"",TEXT(F24,"dd/mm/aaaa"),"")&"', 'dd/mm/yyyy'), "&SUBSTITUTE(G24,",",".")&", "&I24&");" -> INSERT INTO Cultivo(CultivoID, CulturaID, ParcelaID, DataInicio, DataFim, Quantidade, UnidadeID) VALUES (23, 37, 104,TO_DATE('08/01/2017','dd/mm/yyyy'), TO_DATE('', 'dd/mm/yyyy'), 60, 1);
A25: 104 | B25: Lameiro da ponte | C25: Macieira Royal Gala | D25: Permanente | E25: 42743 | G25: 40 | H25: un | I25: =_xlfn.XLOOKUP(H25,Unidades!$C$3:$C$8,Unidades!$B$3:$B$8,0,0) -> 1 | J25: 48 | K25: =K24+1 -> 24 | L25: ="INSERT INTO Cultivo(CultivoID, CulturaID, ParcelaID, DataInicio, DataFim, Quantidade, UnidadeID) VALUES ("&K25&", "&J25&", "&A25&",TO_DATE('"&TEXT(E25,"dd/mm/aaaa")&"','dd/mm/yyyy'), TO_DATE('"&IF(F25<>"",TEXT(F25,"dd/mm/aaaa"),"")&"', 'dd/mm/yyyy'), "&SUBSTITUTE(G25,",",".")&", "&I25&");" -> INSERT INTO Cultivo(CultivoID, CulturaID, ParcelaID, DataInicio, DataFim, Quantidade, UnidadeID) VALUES (24, 48, 104,TO_DATE('08/01/2017','dd/mm/yyyy'), TO_DATE('', 'dd/mm/yyyy'), 40, 1);
A26: 104 | B26: Lameiro da ponte | C26: Macieira Royal Gala | D26: Permanente | E26: 43444 | G26: 30 | H26: un | I26: =_xlfn.XLOOKUP(H26,Unidades!$C$3:$C$8,Unidades!$B$3:$B$8,0,0) -> 1 | J26: 48 | K26: =K25+1 -> 25 | L26: ="INSERT INTO Cultivo(CultivoID, CulturaID, ParcelaID, DataInicio, DataFim, Quantidade, UnidadeID) VALUES ("&K26&", "&J26&", "&A26&",TO_DATE('"&TEXT(E26,"dd/mm/aaaa")&"','dd/mm/yyyy'), TO_DATE('"&IF(F26<>"",TEXT(F26,"dd/mm/aaaa"),"")&"', 'dd/mm/yyyy'), "&SUBSTITUTE(G26,",",".")&", "&I26&");" -> INSERT INTO Cultivo(CultivoID, CulturaID, ParcelaID, DataInicio, DataFim, Quantidade, UnidadeID) VALUES (25, 48, 104,TO_DATE('10/12/2018','dd/mm/yyyy'), TO_DATE('', 'dd/mm/yyyy'), 30, 1);
A27: 107 | B27: Vinha | C27: Videira Dona Maria | D27: Permanente | E27: 43110 | G27: 500 | H27: un | I27: =_xlfn.XLOOKUP(H27,Unidades!$C$3:$C$8,Unidades!$B$3:$B$8,0,0) -> 1 | J27: 94 | K27: =K26+1 -> 26 | L27: ="INSERT INTO Cultivo(CultivoID, CulturaID, ParcelaID, DataInicio, DataFim, Quantidade, UnidadeID) VALUES ("&K27&", "&J27&", "&A27&",TO_DATE('"&TEXT(E27,"dd/mm/aaaa")&"','dd/mm/yyyy'), TO_DATE('"&IF(F27<>"",TEXT(F27,"dd/mm/aaaa"),"")&"', 'dd/mm/yyyy'), "&SUBSTITUTE(G27,",",".")&", "&I27&");" -> INSERT INTO Cultivo(CultivoID, CulturaID, ParcelaID, DataInicio, DataFim, Quantidade, UnidadeID) VALUES (26, 94, 107,TO_DATE('10/01/2018','dd/mm/yyyy'), TO_DATE('', 'dd/mm/yyyy'), 500, 1);
A28: 107 | B28: Vinha | C28: Videira Cardinal | D28: Permanente | E28: 43111 | G28: 700 | H28: un | I28: =_xlfn.XLOOKUP(H28,Unidades!$C$3:$C$8,Unidades!$B$3:$B$8,0,0) -> 1 | J28: 95 | K28: =K27+1 -> 27 | L28: ="INSERT INTO Cultivo(CultivoID, CulturaID, ParcelaID, DataInicio, DataFim, Quantidade, UnidadeID) VALUES ("&K28&", "&J28&", "&A28&",TO_DATE('"&TEXT(E28,"dd/mm/aaaa")&"','dd/mm/yyyy'), TO_DATE('"&IF(F28<>"",TEXT(F28,"dd/mm/aaaa"),"")&"', 'dd/mm/yyyy'), "&SUBSTITUTE(G28,",",".")&", "&I28&");" -> INSERT INTO Cultivo(CultivoID, CulturaID, ParcelaID, DataInicio, DataFim, Quantidade, UnidadeID) VALUES (27, 95, 107,TO_DATE('11/01/2018','dd/mm/yyyy'), TO_DATE('', 'dd/mm/yyyy'), 700, 1);

Sheet Operações
A1: ID Parcela | B1: Parcela | C1: Operação | D1: Modo | E1: Cultura | F1: Data | G1: Quantidade | H1: Unidade | I1: Fator de produção | K1: OperacaoID | L1: CulturaID | M1: TipoOperacaoID | N1: UnidadeID | O1: 2 | P1: CREATE TABLE Operacao (OperacaoID number(10) NOT NULL, CulturaID number(10) NOT NULL, ParcelaID number(10) NOT NULL, TipoOperacaoID number(10) NOT NULL, DataRealizacao date NOT NULL, Quantidade double precision, UnidadeID number(10), FatorProducaoID number(19), PRIMARY KEY (OperacaoID));
A2: 102 | B2: Campo Grande | C2: Plantação | E2: Oliveira Galega | F2: 42649 | G2: 30 | H2: un | K2: 1 | L2: =_xlfn.XLOOKUP(E2,Plantas!$V$2:$V$96,Plantas!$U$2:$U$96,0,0) -> 92 | M2: {=_xlfn.XLOOKUP(C2,_xlfn.ANCHORARRAY($B$213),$A$213:$A$220,0,0)} -> 1 | N2: =_xlfn.XLOOKUP(H2,Unidades!$C$3:$C$8,Unidades!$B$3:$B$8,0,0) -> 1 | O2: ="INSERT INTO Operacao(OperacaoID, CulturaID, ParcelaID, TipoOperacaoID, DataRealizacao, Quantidade, UnidadeID) VALUES ("&K2&", "&L2&", "&A2&", "&M2&",TO_DATE('"&TEXT(F2,"dd/mm/aaaa")&"','dd/mm/yyyy'), "&SUBSTITUTE(G2,",",".")&", "&N2&");" -> INSERT INTO Operacao(OperacaoID, CulturaID, ParcelaID, TipoOperacaoID, DataRealizacao, Quantidade, UnidadeID) VALUES (1, 92, 102, 1,TO_DATE('06/10/2016','dd/mm/yyyy'), 30, 1);
A3: 102 | B3: Campo Grande | C3: Plantação | E3: Oliveira Picual | F3: 42653 | G3: 20 | H3: un | K3: =K2+1 -> 2 | L3: =_xlfn.XLOOKUP(E3,Plantas!$V$2:$V$96,Plantas!$U$2:$U$96,0,0) -> 89 | M3: {=_xlfn.XLOOKUP(C3,_xlfn.ANCHORARRAY($B$213),$A$213:$A$220,0,0)} -> 1 | N3: =_xlfn.XLOOKUP(H3,Unidades!$C$3:$C$8,Unidades!$B$3:$B$8,0,0) -> 1 | O3: ="INSERT INTO Operacao(OperacaoID, CulturaID, ParcelaID, TipoOperacaoID, DataRealizacao, Quantidade, UnidadeID) VALUES ("&K3&", "&L3&", "&A3&", "&M3&",TO_DATE('"&TEXT(F3,"dd/mm/aaaa")&"','dd/mm/yyyy'), "&SUBSTITUTE(G3,",",".")&", "&N3&");" -> INSERT INTO Operacao(OperacaoID, CulturaID, ParcelaID, TipoOperacaoID, DataRealizacao, Quantidade, UnidadeID) VALUES (2, 89, 102, 1,TO_DATE('10/10/2016','dd/mm/yyyy'), 20, 1);
A4: 104 | B4: Lameiro da ponte | C4: Plantação | E4: Macieira Jonagored | F4: 42742 | G4: 90 | H4: un | K4: =K3+1 -> 3 | L4: =_xlfn.XLOOKUP(E4,Plantas!$V$2:$V$96,Plantas!$U$2:$U$96,0,0) -> 41 | M4: {=_xlfn.XLOOKUP(C4,_xlfn.ANCHORARRAY($B$213),$A$213:$A$220,0,0)} -> 1 | N4: =_xlfn.XLOOKUP(H4,Unidades!$C$3:$C$8,Unidades!$B$3:$B$8,0,0) -> 1 | O4: ="INSERT INTO Operacao(OperacaoID, CulturaID, ParcelaID, TipoOperacaoID, DataRealizacao, Quantidade, UnidadeID) VALUES ("&K4&", "&L4&", "&A4&", "&M4&",TO_DATE('"&TEXT(F4,"dd/mm/aaaa")&"','dd/mm/yyyy'), "&SUBSTITUTE(G4,",",".")&", "&N4&");" -> INSERT INTO Operacao(OperacaoID, CulturaID, ParcelaID, TipoOperacaoID, DataRealizacao, Quantidade, UnidadeID) VALUES (3, 41, 104, 1,TO_DATE('07/01/2017','dd/mm/yyyy'), 90, 1);
A5: 104 | B5: Lameiro da ponte | C5: Plantação | E5: Macieira Fuji | F5: 42743 | G5: 60 | H5: un | K5: =K4+1 -> 4 | L5: =_xlfn.XLOOKUP(E5,Plantas!$V$2:$V$96,Plantas!$U$2:$U$96,0,0) -> 37 | M5: {=_xlfn.XLOOKUP(C5,_xlfn.ANCHORARRAY($B$213),$A$213:$A$220,0,0)} -> 1 | N5: =_xlfn.XLOOKUP(H5,Unidades!$C$3:$C$8,Unidades!$B$3:$B$8,0,0) -> 1 | O5: ="INSERT INTO Operacao(OperacaoID, CulturaID, ParcelaID, TipoOperacaoID, DataRealizacao, Quantidade, UnidadeID) VALUES ("&K5&", "&L5&", "&A5&", "&M5&",TO_DATE('"&TEXT(F5,"dd/mm/aaaa")&"','dd/mm/yyyy'), "&SUBSTITUTE(G5,",",".")&", "&N5&");" -> INSERT INTO Operacao(OperacaoID, CulturaID, ParcelaID, TipoOperacaoID, DataRealizacao, Quantidade, UnidadeID) VALUES (4, 37, 104, 1,TO_DATE('08/01/2017','dd/mm/yyyy'), 60, 1);
A6: 104 | B6: Lameiro da ponte | C6: Plantação | E6: Macieira Royal Gala | F6: 42743 | G6: 40 | H6: un | K6: =K5+1 -> 5 | L6: =_xlfn.XLOOKUP(E6,Plantas!$V$2:$V$96,Plantas!$U$2:$U$96,0,0) -> 48 | M6: {=_xlfn.XLOOKUP(C6,_xlfn.ANCHORARRAY($B$213),$A$213:$A$220,0,0)} -> 1 | N6: =_xlfn.XLOOKUP(H6,Unidades!$C$3:$C$8,Unidades!$B$3:$B$8,0,0) -> 1 | O6: ="INSERT INTO Operacao(OperacaoID, CulturaID, ParcelaID, TipoOperacaoID, DataRealizacao, Quantidade, UnidadeID) VALUES ("&K6&", "&L6&", "&A6&", "&M6&",TO_DATE('"&TEXT(F6,"dd/mm/aaaa")&"','dd/mm/yyyy'), "&SUBSTITUTE(G6,",",".")&", "&N6&");" -> INSERT INTO Operacao(OperacaoID, CulturaID, ParcelaID, TipoOperacaoID, DataRealizacao, Quantidade, UnidadeID) VALUES (5, 48, 104, 1,TO_DATE('08/01/2017','dd/mm/yyyy'), 40, 1);
A7: 102 | B7: Campo Grande | C7: Rega | E7: Oliveira Picual | F7: 42919 | G7: 0.4 | H7: m3 | K7: =K6+1 -> 6 | L7: =_xlfn.XLOOKUP(E7,Plantas!$V$2:$V$96,Plantas!$U$2:$U$96,0,0) -> 89 | M7: {=_xlfn.XLOOKUP(C7,_xlfn.ANCHORARRAY($B$213),$A$213:$A$220,0,0)} -> 2 | N7: =_xlfn.XLOOKUP(H7,Unidades!$C$3:$C$8,Unidades!$B$3:$B$8,0,0) -> 2 | O7: ="INSERT INTO Operacao(OperacaoID, CulturaID, ParcelaID, TipoOperacaoID, DataRealizacao, Quantidade, UnidadeID) VALUES ("&K7&", "&L7&", "&A7&", "&M7&",TO_DATE('"&TEXT(F7,"dd/mm/aaaa")&"','dd/mm/yyyy'), "&SUBSTITUTE(G7,",",".")&", "&N7&");" -> INSERT INTO Operacao(OperacaoID, CulturaID, ParcelaID, TipoOperacaoID, DataRealizacao, Quantidade, UnidadeID) VALUES (6, 89, 102, 2,TO_DATE('03/07/2017','dd/mm/yyyy'), 0.4, 2);
A8: 102 | B8: Campo Grande | C8: Rega | E8: Oliveira Galega | F8: 42919 | G8: 0.9 | H8: m3 | K8: =K7+1 -> 7 | L8: =_xlfn.XLOOKUP(E8,Plantas!$V$2:$V$96,Plantas!$U$2:$U$96,0,0) -> 92 | M8: {=_xlfn.XLOOKUP(C8,_xlfn.ANCHORARRAY($B$213),$A$213:$A$220,0,0)} -> 2 | N8: =_xlfn.XLOOKUP(H8,Unidades!$C$3:$C$8,Unidades!$B$3:$B$8,0,0) -> 2 | O8: ="INSERT INTO Operacao(OperacaoID, CulturaID, ParcelaID, TipoOperacaoID, DataRealizacao, Quantidade, UnidadeID) VALUES ("&K8&", "&L8&", "&A8&", "&M8&",TO_DATE('"&TEXT(F8,"dd/mm/aaaa")&"','dd/mm/yyyy'), "&SUBSTITUTE(G8,",",".")&", "&N8&");" -> INSERT INTO Operacao(OperacaoID, CulturaID, ParcelaID, TipoOperacaoID, DataRealizacao, Quantidade, UnidadeID) VALUES (7, 92, 102, 2,TO_DATE('03/07/2017','dd/mm/yyyy'), 0.9, 2);
A9: 104 | B9: Lameiro da ponte | C9: Rega | E9: Macieira | F9: 42926 | G9: 3 | H9: m3 | K9: =K8+1 -> 8 | L9: =_xlfn.XLOOKUP(E9,Plantas!$V$2:$V$96,Plantas!$U$2:$U$96,0,0) -> 0 | M9: {=_xlfn.XLOOKUP(C9,_xlfn.ANCHORARRAY($B$213),$A$213:$A$220,0,0)} -> 2 | N9: =_xlfn.XLOOKUP(H9,Unidades!$C$3:$C$8,Unidades!$B$3:$B$8,0,0) -> 2 | O9: ="INSERT INTO Operacao(OperacaoID, CulturaID, ParcelaID, TipoOperacaoID, DataRealizacao, Quantidade, UnidadeID) VALUES ("&K9&", "&L9&", "&A9&", "&M9&",TO_DATE('"&TEXT(F9,"dd/mm/aaaa")&"','dd/mm/yyyy'), "&SUBSTITUTE(G9,",",".")&", "&N9&");" -> INSERT INTO Operacao(OperacaoID, CulturaID, ParcelaID, TipoOperacaoID, DataRealizacao, Quantidade, UnidadeID) VALUES (8, 0, 104, 2,TO_DATE('10/07/2017','dd/mm/yyyy'), 3, 2);
A10: 102 | B10: Campo Grande | C10: Rega | E10: Oliveira Picual | F10: 42957 | G10: 0.4 | H10: m3 | K10: =K9+1 -> 9 | L10: =_xlfn.XLOOKUP(E10,Plantas!$V$2:$V$96,Plantas!$U$2:$U$96,0,0) -> 89 | M10: {=_xlfn.XLOOKUP(C10,_xlfn.ANCHORARRAY($B$213),$A$213:$A$220,0,0)} -> 2 | N10: =_xlfn.XLOOKUP(H10,Unidades!$C$3:$C$8,Unidades!$B$3:$B$8,0,0) -> 2 | O10: ="INSERT INTO Operacao(OperacaoID, CulturaID, ParcelaID, TipoOperacaoID, DataRealizacao, Quantidade, UnidadeID) VALUES ("&K10&", "&L10&", "&A10&", "&M10&",TO_DATE('"&TEXT(F10,"dd/mm/aaaa")&"','dd/mm/yyyy'), "&SUBSTITUTE(G10,",",".")&", "&N10&");" -> INSERT INTO Operacao(OperacaoID, CulturaID, ParcelaID, TipoOperacaoID, DataRealizacao, Quantidade, UnidadeID) VALUES (9, 89, 102, 2,TO_DATE('10/08/2017','dd/mm/yyyy'), 0.4, 2);
A11: 102 | B11: Campo Grande | C11: Rega | E11: Oliveira Galega | F11: 42957 | G11: 0.9 | H11: m3 | K11: =K10+1 -> 10 | L11: =_xlfn.XLOOKUP(E11,Plantas!$V$2:$V$96,Plantas!$U$2:$U$96,0,0) -> 92 | M11: {=_xlfn.XLOOKUP(C11,_xlfn.ANCHORARRAY($B$213),$A$213:$A$220,0,0)} -> 2 | N11: =_xlfn.XLOOKUP(H11,Unidades!$C$3:$C$8,Unidades!$B$3:$B$8,0,0) -> 2 | O11: ="INSERT INTO Operacao(OperacaoID, CulturaID, ParcelaID, TipoOperacaoID, DataRealizacao, Quantidade, UnidadeID) VALUES ("&K11&", "&L11&", "&A11&", "&M11&",TO_DATE('"&TEXT(F11,"dd/mm/aaaa")&"','dd/mm/yyyy'), "&SUBSTITUTE(G11,",",".")&", "&N11&");" -> INSERT INTO Operacao(OperacaoID, CulturaID, ParcelaID, TipoOperacaoID, DataRealizacao, Quantidade, UnidadeID) VALUES (10, 92, 102, 2,TO_DATE('10/08/2017','dd/mm/yyyy'), 0.9, 2);
A12: 104 | B12: Lameiro da ponte | C12: Rega | E12: Macieira | F12: 42957 | G12: 3.5 | H12: m3 | K12: =K11+1 -> 11 | L12: =_xlfn.XLOOKUP(E12,Plantas!$V$2:$V$96,Plantas!$U$2:$U$96,0,0) -> 0 | M12: {=_xlfn.XLOOKUP(C12,_xlfn.ANCHORARRAY($B$213),$A$213:$A$220,0,0)} -> 2 | N12: =_xlfn.XLOOKUP(H12,Unidades!$C$3:$C$8,Unidades!$B$3:$B$8,0,0) -> 2 | O12: ="INSERT INTO Operacao(OperacaoID, CulturaID, ParcelaID, TipoOperacaoID, DataRealizacao, Quantidade, UnidadeID) VALUES ("&K12&", "&L12&", "&A12&", "&M12&",TO_DATE('"&TEXT(F12,"dd/mm/aaaa")&"','dd/mm/yyyy'), "&SUBSTITUTE(G12,",",".")&", "&N12&");" -> INSERT INTO Operacao(OperacaoID, CulturaID, ParcelaID, TipoOperacaoID, DataRealizacao, Quantidade, UnidadeID) VALUES (11, 0, 104, 2,TO_DATE('10/08/2017','dd/mm/yyyy'), 3.5, 2);
A13: 104 | B13: Lameiro da ponte | C13: Rega | E13: Macieira | F13: 42988 | G13: 3 | H13: m3 | K13: =K12+1 -> 12 | L13: =_xlfn.XLOOKUP(E13,Plantas!$V$2:$V$96,Plantas!$U$2:$U$96,0,0) -> 0 | M13: {=_xlfn.XLOOKUP(C13,_xlfn.ANCHORARRAY($B$213),$A$213:$A$220,0,0)} -> 2 | N13: =_xlfn.XLOOKUP(H13,Unidades!$C$3:$C$8,Unidades!$B$3:$B$8,0,0) -> 2 | O13: ="INSERT INTO Operacao(OperacaoID, CulturaID, ParcelaID, TipoOperacaoID, DataRealizacao, Quantidade, UnidadeID) VALUES ("&K13&", "&L13&", "&A13&", "&M13&",TO_DATE('"&TEXT(F13,"dd/mm/aaaa")&"','dd/mm/yyyy'), "&SUBSTITUTE(G13,",",".")&", "&N13&");" -> INSERT INTO Operacao(OperacaoID, CulturaID, ParcelaID, TipoOperacaoID, DataRealizacao, Quantidade, UnidadeID) VALUES (12, 0, 104, 2,TO_DATE('10/09/2017','dd/mm/yyyy'), 3, 2);
A14: 102 | B14: Campo Grande | C14: Poda | E14: Oliveira Galega | F14: 43043 | G14: 30 | H14: un | K14: =K13+1 -> 13 | L14: =_xlfn.XLOOKUP(E14,Plantas!$V$2:$V$96,Plantas!$U$2:$U$96,0,0) -> 92 | M14: {=_xlfn.XLOOKUP(C14,_xlfn.ANCHORARRAY($B$213),$A$213:$A$220,0,0)} -> 3 | N14: =_xlfn.XLOOKUP(H14,Unidades!$C$3:$C$8,Unidades!$B$3:$B$8,0,0) -> 1 | O14: ="INSERT INTO Operacao(OperacaoID, CulturaID, ParcelaID, TipoOperacaoID, DataRealizacao, Quantidade, UnidadeID) VALUES ("&K14&", "&L14&", "&A14&", "&M14&",TO_DATE('"&TEXT(F14,"dd/mm/aaaa")&"','dd/mm/yyyy'), "&SUBSTITUTE(G14,",",".")&", "&N14&");" -> INSERT INTO Operacao(OperacaoID, CulturaID, ParcelaID, TipoOperacaoID, DataRealizacao, Quantidade, UnidadeID) VALUES (13, 92, 102, 3,TO_DATE('04/11/2017','dd/mm/yyyy'), 30, 1);
A15: 102 | B15: Campo Grande | C15: Poda | E15: Oliveira Picual | F15: 43043 | G15: 20 | H15: un | K15: =K14+1 -> 14 | L15: =_xlfn.XLOOKUP(E15,Plantas!$V$2:$V$96,Plantas!$U$2:$U$96,0,0) -> 89 | M15: {=_xlfn.XLOOKUP(C15,_xlfn.ANCHORARRAY($B$213),$A$213:$A$220,0,0)} -> 3 | N15: =_xlfn.XLOOKUP(H15,Unidades!$C$3:$C$8,Unidades!$B$3:$B$8,0,0) -> 1 | O15: ="INSERT INTO Operacao(OperacaoID, CulturaID, ParcelaID, TipoOperacaoID, DataRealizacao, Quantidade, UnidadeID) VALUES ("&K15&", "&L15&", "&A15&", "&M15&",TO_DATE('"&TEXT(F15,"dd/mm/aaaa")&"','dd/mm/yyyy'), "&SUBSTITUTE(G15,",",".")&", "&N15&");" -> INSERT INTO Operacao(OperacaoID, CulturaID, ParcelaID, TipoOperacaoID, DataRealizacao, Quantidade, UnidadeID) VALUES (14, 89, 102, 3,TO_DATE('04/11/2017','dd/mm/yyyy'), 20, 1);
A16: 102 | B16: Campo Grande | C16: Fertilização | D16: Solo | E16: Oliveira Galega | F16: 43079 | G16: 15 | H16: kg | I16: Patentkali | K16: =K15+1 -> 15 | L16: =_xlfn.XLOOKUP(E16,Plantas!$V$2:$V$96,Plantas!$U$2:$U$96,0,0) -> 92 | M16: {=_xlfn.XLOOKUP(C16,_xlfn.ANCHORARRAY($B$213),$A$213:$A$220,0,0)} -> 4 | N16: =_xlfn.XLOOKUP(H16,Unidades!$C$3:$C$8,Unidades!$B$3:$B$8,0,0) -> 3 | O16: ="INSERT INTO Operacao(OperacaoID, CulturaID, ParcelaID, TipoOperacaoID, DataRealizacao, Quantidade, UnidadeID) VALUES ("&K16&", "&L16&", "&A16&", "&M16&",TO_DATE('"&TEXT(F16,"dd/mm/aaaa")&"','dd/mm/yyyy'), "&SUBSTITUTE(G16,",",".")&", "&N16&");" -> INSERT INTO Operacao(OperacaoID, CulturaID, ParcelaID, TipoOperacaoID, DataRealizacao, Quantidade, UnidadeID) VALUES (15, 92, 102, 4,TO_DATE('10/12/2017','dd/mm/yyyy'), 15, 3);
A17: 102 | B17: Campo Grande | C17: Fertilização | D17: Solo | E17: Oliveira Picual | F17: 43079 | G17: 10 | H17: kg | I17: Patentkali | K17: =K16+1 -> 16 | L17: =_xlfn.XLOOKUP(E17,Plantas!$V$2:$V$96,Plantas!$U$2:$U$96,0,0) -> 89 | M17: {=_xlfn.XLOOKUP(C17,_xlfn.ANCHORARRAY($B$213),$A$213:$A$220,0,0)} -> 4 | N17: =_xlfn.XLOOKUP(H17,Unidades!$C$3:$C$8,Unidades!$B$3:$B$8,0,0) -> 3 | O17: ="INSERT INTO Operacao(OperacaoID, CulturaID, ParcelaID, TipoOperacaoID, DataRealizacao, Quantidade, UnidadeID) VALUES ("&K17&", "&L17&", "&A17&", "&M17&",TO_DATE('"&TEXT(F17,"dd/mm/aaaa")&"','dd/mm/yyyy'), "&SUBSTITUTE(G17,",",".")&", "&N17&");" -> INSERT INTO Operacao(OperacaoID, CulturaID, ParcelaID, TipoOperacaoID, DataRealizacao, Quantidade, UnidadeID) VALUES (16, 89, 102, 4,TO_DATE('10/12/2017','dd/mm/yyyy'), 10, 3);
A18: 104 | B18: Lameiro da ponte | C18: Poda | E18: Macieira Jonagored | F18: 43107 | G18: 90 | H18: un | K18: =K17+1 -> 17 | L18: =_xlfn.XLOOKUP(E18,Plantas!$V$2:$V$96,Plantas!$U$2:$U$96,0,0) -> 41 | M18: {=_xlfn.XLOOKUP(C18,_xlfn.ANCHORARRAY($B$213),$A$213:$A$220,0,0)} -> 3 | N18: =_xlfn.XLOOKUP(H18,Unidades!$C$3:$C$8,Unidades!$B$3:$B$8,0,0) -> 1 | O18: ="INSERT INTO Operacao(OperacaoID, CulturaID, ParcelaID, TipoOperacaoID, DataRealizacao, Quantidade, UnidadeID) VALUES ("&K18&", "&L18&", "&A18&", "&M18&",TO_DATE('"&TEXT(F18,"dd/mm/aaaa")&"','dd/mm/yyyy'), "&SUBSTITUTE(G18,",",".")&", "&N18&");" -> INSERT INTO Operacao(OperacaoID, CulturaID, ParcelaID, TipoOperacaoID, DataRealizacao, Quantidade, UnidadeID) VALUES (17, 41, 104, 3,TO_DATE('07/01/2018','dd/mm/yyyy'), 90, 1);
A19: 104 | B19: Lameiro da ponte | C19: Poda | E19: Macieira Fuji | F19: 43108 | G19: 60 | H19: un | K19: =K18+1 -> 18 | L19: =_xlfn.XLOOKUP(E19,Plantas!$V$2:$V$96,Plantas!$U$2:$U$96,0,0) -> 37 | M19: {=_xlfn.XLOOKUP(C19,_xlfn.ANCHORARRAY($B$213),$A$213:$A$220,0,0)} -> 3 | N19: =_xlfn.XLOOKUP(H19,Unidades!$C$3:$C$8,Unidades!$B$3:$B$8,0,0) -> 1 | O19: ="INSERT INTO Operacao(OperacaoID, CulturaID, ParcelaID, TipoOperacaoID, DataRealizacao, Quantidade, UnidadeID) VALUES ("&K19&", "&L19&", "&A19&", "&M19&",TO_DATE('"&TEXT(F19,"dd/mm/aaaa")&"','dd/mm/yyyy'), "&SUBSTITUTE(G19,",",".")&", "&N19&");" -> INSERT INTO Operacao(OperacaoID, CulturaID, ParcelaID, TipoOperacaoID, DataRealizacao, Quantidade, UnidadeID) VALUES (18, 37, 104, 3,TO_DATE('08/01/2018','dd/mm/yyyy'), 60, 1);
A20: 104 | B20: Lameiro da ponte | C20: Poda | E20: Macieira Royal Gala | F20: 43108 | G20: 40 | H20: un | K20: =K19+1 -> 19 | L20: =_xlfn.XLOOKUP(E20,Plantas!$V$2:$V$96,Plantas!$U$2:$U$96,0,0) -> 48 | M20: {=_xlfn.XLOOKUP(C20,_xlfn.ANCHORARRAY($B$213),$A$213:$A$220,0,0)} -> 3 | N20: =_xlfn.XLOOKUP(H20,Unidades!$C$3:$C$8,Unidades!$B$3:$B$8,0,0) -> 1 | O20: ="INSERT INTO Operacao(OperacaoID, CulturaID, ParcelaID, TipoOperacaoID, DataRealizacao, Quantidade, UnidadeID) VALUES ("&K20&", "&L20&", "&A20&", "&M20&",TO_DATE('"&TEXT(F20,"dd/mm/aaaa")&"','dd/mm/yyyy'), "&SUBSTITUTE(G20,",",".")&", "&N20&");" -> INSERT INTO Operacao(OperacaoID, CulturaID, ParcelaID, TipoOperacaoID, DataRealizacao, Quantidade, UnidadeID) VALUES (19, 48, 104, 3,TO_DATE('08/01/2018','dd/mm/yyyy'), 40, 1);
A21: 107 | B21: Vinha | C21: Plantação | E21: Videira Dona Maria | F21: 43110 | G21: 500 | H21: un | K21: =K20+1 -> 20 | L21: =_xlfn.XLOOKUP(E21,Plantas!$V$2:$V$96,Plantas!$U$2:$U$96,0,0) -> 94 | M21: {=_xlfn.XLOOKUP(C21,_xlfn.ANCHORARRAY($B$213),$A$213:$A$220,0,0)} -> 1 | N21: =_xlfn.XLOOKUP(H21,Unidades!$C$3:$C$8,Unidades!$B$3:$B$8,0,0) -> 1 | O21: ="INSERT INTO Operacao(OperacaoID, CulturaID, ParcelaID, TipoOperacaoID, DataRealizacao, Quantidade, UnidadeID) VALUES ("&K21&", "&L21&", "&A21&", "&M21&",TO_DATE('"&TEXT(F21,"dd/mm/aaaa")&"','dd/mm/yyyy'), "&SUBSTITUTE(G21,",",".")&", "&N21&");" -> INSERT INTO Operacao(OperacaoID, CulturaID, ParcelaID, TipoOperacaoID, DataRealizacao, Quantidade, UnidadeID) VALUES (20, 94, 107, 1,TO_DATE('10/01/2018','dd/mm/yyyy'), 500, 1);
A22: 107 | B22: Vinha | C22: Plantação | E22: Videira Cardinal | F22: 43111 | G22: 700 | H22: un | K22: =K21+1 -> 21 | L22: =_xlfn.XLOOKUP(E22,Plantas!$V$2:$V$96,Plantas!$U$2:$U$96,0,0) -> 95 | M22: {=_xlfn.XLOOKUP(C22,_xlfn.ANCHORARRAY($B$213),$A$213:$A$220,0,0)} -> 1 | N22: =_xlfn.XLOOKUP(H22,Unidades!$C$3:$C$8,Unidades!$B$3:$B$8,0,0) -> 1 | O22: ="INSERT INTO Operacao(OperacaoID, CulturaID, ParcelaID, TipoOperacaoID, DataRealizacao, Quantidade, UnidadeID) VALUES ("&K22&", "&L22&", "&A22&", "&M22&",TO_DATE('"&TEXT(F22,"dd/mm/aaaa")&"','dd/mm/yyyy'), "&SUBSTITUTE(G22,",",".")&", "&N22&");" -> INSERT INTO Operacao(OperacaoID, CulturaID, ParcelaID, TipoOperacaoID, DataRealizacao, Quantidade, UnidadeID) VALUES (21, 95, 107, 1,TO_DATE('11/01/2018','dd/mm/yyyy'), 700, 1);
A23: 104 | B23: Lameiro da ponte | C23: Fertilização | D23: Solo | E23: Macieira Jonagored | F23: 43137 | G23: 10 | H23: kg | I23: ESTA Kieserit | K23: =K22+1 -> 22 | L23: =_xlfn.XLOOKUP(E23,Plantas!$V$2:$V$96,Plantas!$U$2:$U$96,0,0) -> 41 | M23: {=_xlfn.XLOOKUP(C23,_xlfn.ANCHORARRAY($B$213),$A$213:$A$220,0,0)} -> 4 | N23: =_xlfn.XLOOKUP(H23,Unidades!$C$3:$C$8,Unidades!$B$3:$B$8,0,0) -> 3 | O23: ="INSERT INTO Operacao(OperacaoID, CulturaID, ParcelaID, TipoOperacaoID, DataRealizacao, Quantidade, UnidadeID) VALUES ("&K23&", "&L23&", "&A23&", "&M23&",TO_DATE('"&TEXT(F23,"dd/mm/aaaa")&"','dd/mm/yyyy'), "&SUBSTITUTE(G23,",",".")&", "&N23&");" -> INSERT INTO Operacao(OperacaoID, CulturaID, ParcelaID, TipoOperacaoID, DataRealizacao, Quantidade, UnidadeID) VALUES (22, 41, 104, 4,TO_DATE('06/02/2018','dd/mm/yyyy'), 10, 3);
A24: 104 | B24: Lameiro da ponte | C24: Fertilização | D24: Solo | E24: Macieira Fuji | F24: 43137 | G24: 6 | H24: kg | I24: ESTA Kieserit | K24: =K23+1 -> 23 | L24: =_xlfn.XLOOKUP(E24,Plantas!$V$2:$V$96,Plantas!$U$2:$U$96,0,0) -> 37 | M24: {=_xlfn.XLOOKUP(C24,_xlfn.ANCHORARRAY($B$213),$A$213:$A$220,0,0)} -> 4 | N24: =_xlfn.XLOOKUP(H24,Unidades!$C$3:$C$8,Unidades!$B$3:$B$8,0,0) -> 3 | O24: ="INSERT INTO Operacao(OperacaoID, CulturaID, ParcelaID, TipoOperacaoID, DataRealizacao, Quantidade, UnidadeID) VALUES ("&K24&", "&L24&", "&A24&", "&M24&",TO_DATE('"&TEXT(F24,"dd/mm/aaaa")&"','dd/mm/yyyy'), "&SUBSTITUTE(G24,",",".")&", "&N24&");" -> INSERT INTO Operacao(OperacaoID, CulturaID, ParcelaID, TipoOperacaoID, DataRealizacao, Quantidade, UnidadeID) VALUES (23, 37, 104, 4,TO_DATE('06/02/2018','dd/mm/yyyy'), 6, 3);
A25: 104 | B25: Lameiro da ponte | C25: Fertilização | D25: Solo | E25: Macieira Royal Gala | F25: 43137 | G25: 5 | H25: kg | I25: ESTA Kieserit | K25: =K24+1 -> 24 | L25: =_xlfn.XLOOKUP(E25,Plantas!$V$2:$V$96,Plantas!$U$2:$U$96,0,0) -> 48 | M25: {=_xlfn.XLOOKUP(C25,_xlfn.ANCHORARRAY($B$213),$A$213:$A$220,0,0)} -> 4 | N25: =_xlfn.XLOOKUP(H25,Unidades!$C$3:$C$8,Unidades!$B$3:$B$8,0,0) -> 3 | O25: ="INSERT INTO Operacao(OperacaoID, CulturaID, ParcelaID, TipoOperacaoID, DataRealizacao, Quantidade, UnidadeID) VALUES ("&K25&", "&L25&", "&A25&", "&M25&",TO_DATE('"&TEXT(F25,"dd/mm/aaaa")&"','dd/mm/yyyy'), "&SUBSTITUTE(G25,",",".")&", "&N25&");" -> INSERT INTO Operacao(OperacaoID, CulturaID, ParcelaID, TipoOperacaoID, DataRealizacao, Quantidade, UnidadeID) VALUES (24, 48, 104, 4,TO_DATE('06/02/2018','dd/mm/yyyy'), 5, 3);
A26: 102 | B26: Campo Grande | C26: Rega | E26: Oliveira Picual | F26: 43284 | G26: 1 | H26: m3 | K26: =K25+1 -> 25 | L26: =_xlfn.XLOOKUP(E26,Plantas!$V$2:$V$96,Plantas!$U$2:$U$96,0,0) -> 89 | M26: {=_xlfn.XLOOKUP(C26,_xlfn.ANCHORARRAY($B$213),$A$213:$A$220,0,0)} -> 2 | N26: =_xlfn.XLOOKUP(H26,Unidades!$C$3:$C$8,Unidades!$B$3:$B$8,0,0) -> 2 | O26: ="INSERT INTO Operacao(OperacaoID, CulturaID, ParcelaID, TipoOperacaoID, DataRealizacao, Quantidade, UnidadeID) VALUES ("&K26&", "&L26&", "&A26&", "&M26&",TO_DATE('"&TEXT(F26,"dd/mm/aaaa")&"','dd/mm/yyyy'), "&SUBSTITUTE(G26,",",".")&", "&N26&");" -> INSERT INTO Operacao(OperacaoID, CulturaID, ParcelaID, TipoOperacaoID, DataRealizacao, Quantidade, UnidadeID) VALUES (25, 89, 102, 2,TO_DATE('03/07/2018','dd/mm/yyyy'), 1, 2);
A27: 102 | B27: Campo Grande | C27: Rega | E27: Oliveira Galega | F27: 43284 | G27: 1.5 | H27: m3 | K27: =K26+1 -> 26 | L27: =_xlfn.XLOOKUP(E27,Plantas!$V$2:$V$96,Plantas!$U$2:$U$96,0,0) -> 92 | M27: {=_xlfn.XLOOKUP(C27,_xlfn.ANCHORARRAY($B$213),$A$213:$A$220,0,0)} -> 2 | N27: =_xlfn.XLOOKUP(H27,Unidades!$C$3:$C$8,Unidades!$B$3:$B$8,0,0) -> 2 | O27: ="INSERT INTO Operacao(OperacaoID, CulturaID, ParcelaID, TipoOperacaoID, DataRealizacao, Quantidade, UnidadeID) VALUES ("&K27&", "&L27&", "&A27&", "&M27&",TO_DATE('"&TEXT(F27,"dd/mm/aaaa")&"','dd/mm/yyyy'), "&SUBSTITUTE(G27,",",".")&", "&N27&");" -> INSERT INTO Operacao(OperacaoID, CulturaID, ParcelaID, TipoOperacaoID, DataRealizacao, Quantidade, UnidadeID) VALUES (26, 92, 102, 2,TO_DATE('03/07/2018','dd/mm/yyyy'), 1.5, 2);
A28: 104 | B28: Lameiro da ponte | C28: Rega | E28: Macieira | F28: 43291 | G28: 3.5 | H28: m3 | K28: =K27+1 -> 27 | L28: =_xlfn.XLOOKUP(E28,Plantas!$V$2:$V$96,Plantas!$U$2:$U$96,0,0) -> 0 | M28: {=_xlfn.XLOOKUP(C28,_xlfn.ANCHORARRAY($B$213),$A$213:$A$220,0,0)} -> 2 | N28: =_xlfn.XLOOKUP(H28,Unidades!$C$3:$C$8,Unidades!$B$3:$B$8,0,0) -> 2 | O28: ="INSERT INTO Operacao(OperacaoID, CulturaID, ParcelaID, TipoOperacaoID, DataRealizacao, Quantidade, UnidadeID) VALUES ("&K28&", "&L28&", "&A28&", "&M28&",TO_DATE('"&TEXT(F28,"dd/mm/aaaa")&"','dd/mm/yyyy'), "&SUBSTITUTE(G28,",",".")&", "&N28&");" -> INSERT INTO Operacao(OperacaoID, CulturaID, ParcelaID, TipoOperacaoID, DataRealizacao, Quantidade, UnidadeID) VALUES (27, 0, 104, 2,TO_DATE('10/07/2018','dd/mm/yyyy'), 3.5, 2);
A29: 107 | B29: Vinha | C29: Rega | E29: Videira | F29: 43291 | G29: 6 | H29: m3 | K29: =K28+1 -> 28 | L29: =_xlfn.XLOOKUP(E29,Plantas!$V$2:$V$96,Plantas!$U$2:$U$96,0,0) -> 0 | M29: {=_xlfn.XLOOKUP(C29,_xlfn.ANCHORARRAY($B$213),$A$213:$A$220,0,0)} -> 2 | N29: =_xlfn.XLOOKUP(H29,Unidades!$C$3:$C$8,Unidades!$B$3:$B$8,0,0) -> 2 | O29: ="INSERT INTO Operacao(OperacaoID, CulturaID, ParcelaID, TipoOperacaoID, DataRealizacao, Quantidade, UnidadeID) VALUES ("&K29&", "&L29&", "&A29&", "&M29&",TO_DATE('"&TEXT(F29,"dd/mm/aaaa")&"','dd/mm/yyyy'), "&SUBSTITUTE(G29,",",".")&", "&N29&");" -> INSERT INTO Operacao(OperacaoID, CulturaID, ParcelaID, TipoOperacaoID, DataRealizacao, Quantidade, UnidadeID) VALUES (28, 0, 107, 2,TO_DATE('10/07/2018','dd/mm/yyyy'), 6, 2);
A30: 102 | B30: Campo Grande | C30: Rega | E30: Oliveira Picual | F30: 43322 | G30: 1 | H30: m3 | K30: =K29+1 -> 29 | L30: =_xlfn.XLOOKUP(E30,Plantas!$V$2:$V$96,Plantas!$U$2:$U$96,0,0) -> 89 | M30: {=_xlfn.XLOOKUP(C30,_xlfn.ANCHORARRAY($B$213),$A$213:$A$220,0,0)} -> 2 | N30: =_xlfn.XLOOKUP(H30,Unidades!$C$3:$C$8,Unidades!$B$3:$B$8,0,0) -> 2 | O30: ="INSERT INTO Operacao(OperacaoID, CulturaID, ParcelaID, TipoOperacaoID, DataRealizacao, Quantidade, UnidadeID) VALUES ("&K30&", "&L30&", "&A30&", "&M30&",TO_DATE('"&TEXT(F30,"dd/mm/aaaa")&"','dd/mm/yyyy'), "&SUBSTITUTE(G30,",",".")&", "&N30&");" -> INSERT INTO Operacao(OperacaoID, CulturaID, ParcelaID, TipoOperacaoID, DataRealizacao, Quantidade, UnidadeID) VALUES (29, 89, 102, 2,TO_DATE('10/08/2018','dd/mm/yyyy'), 1, 2);
A31: 102 | B31: Campo Grande | C31: Rega | E31: Oliveira Galega | F31: 43322 | G31: 1.5 | H31: m3 | K31: =K30+1 -> 30 | L31: =_xlfn.XLOOKUP(E31,Plantas!$V$2:$V$96,Plantas!$U$2:$U$96,0,0) -> 92 | M31: {=_xlfn.XLOOKUP(C31,_xlfn.ANCHORARRAY($B$213),$A$213:$A$220,0,0)} -> 2 | N31: =_xlfn.XLOOKUP(H31,Unidades!$C$3:$C$8,Unidades!$B$3:$B$8,0,0) -> 2 | O31: ="INSERT INTO Operacao(OperacaoID, CulturaID, ParcelaID, TipoOperacaoID, DataRealizacao, Quantidade, UnidadeID) VALUES ("&K31&", "&L31&", "&A31&", "&M31&",TO_DATE('"&TEXT(F31,"dd/mm/aaaa")&"','dd/mm/yyyy'), "&SUBSTITUTE(G31,",",".")&", "&N31&");" -> INSERT INTO Operacao(OperacaoID, CulturaID, ParcelaID, TipoOperacaoID, DataRealizacao, Quantidade, UnidadeID) VALUES (30, 92, 102, 2,TO_DATE('10/08/2018','dd/mm/yyyy'), 1.5, 2);
A32: 104 | B32: Lameiro da ponte | C32: Rega | E32: Macieira | F32: 43322 | G32: 4 | H32: m3 | K32: =K31+1 -> 31 | L32: =_xlfn.XLOOKUP(E32,Plantas!$V$2:$V$96,Plantas!$U$2:$U$96,0,0) -> 0 | M32: {=_xlfn.XLOOKUP(C32,_xlfn.ANCHORARRAY($B$213),$A$213:$A$220,0,0)} -> 2 | N32: =_xlfn.XLOOKUP(H32,Unidades!$C$3:$C$8,Unidades!$B$3:$B$8,0,0) -> 2 | O32: ="INSERT INTO Operacao(OperacaoID, CulturaID, ParcelaID, TipoOperacaoID, DataRealizacao, Quantidade, UnidadeID) VALUES ("&K32&", "&L32&", "&A32&", "&M32&",TO_DATE('"&TEXT(F32,"dd/mm/aaaa")&"','dd/mm/yyyy'), "&SUBSTITUTE(G32,",",".")&", "&N32&");" -> INSERT INTO Operacao(OperacaoID, CulturaID, ParcelaID, TipoOperacaoID, DataRealizacao, Quantidade, UnidadeID) VALUES (31, 0, 104, 2,TO_DATE('10/08/2018','dd/mm/yyyy'), 4, 2);
A33: 107 | B33: Vinha | C33: Rega | E33: Videira | F33: 43323 | G33: 7 | H33: m3 | K33: =K32+1 -> 32 | L33: =_xlfn.XLOOKUP(E33,Plantas!$V$2:$V$96,Plantas!$U$2:$U$96,0,0) -> 0 | M33: {=_xlfn.XLOOKUP(C33,_xlfn.ANCHORARRAY($B$213),$A$213:$A$220,0,0)} -> 2 | N33: =_xlfn.XLOOKUP(H33,Unidades!$C$3:$C$8,Unidades!$B$3:$B$8,0,0) -> 2 | O33: ="INSERT INTO Operacao(OperacaoID, CulturaID, ParcelaID, TipoOperacaoID, DataRealizacao, Quantidade, UnidadeID) VALUES ("&K33&", "&L33&", "&A33&", "&M33&",TO_DATE('"&TEXT(F33,"dd/mm/aaaa")&"','dd/mm/yyyy'), "&SUBSTITUTE(G33,",",".")&", "&N33&");" -> INSERT INTO Operacao(OperacaoID, CulturaID, ParcelaID, TipoOperacaoID, DataRealizacao, Quantidade, UnidadeID) VALUES (32, 0, 107, 2,TO_DATE('11/08/2018','dd/mm/yyyy'), 7, 2);
A34: 104 | B34: Lameiro da ponte | C34: Rega | E34: Macieira | F34: 43345 | G34: 4 | H34: m3 | K34: =K33+1 -> 33 | L34: =_xlfn.XLOOKUP(E34,Plantas!$V$2:$V$96,Plantas!$U$2:$U$96,0,0) -> 0 | M34: {=_xlfn.XLOOKUP(C34,_xlfn.ANCHORARRAY($B$213),$A$213:$A$220,0,0)} -> 2 | N34: =_xlfn.XLOOKUP(H34,Unidades!$C$3:$C$8,Unidades!$B$3:$B$8,0,0) -> 2 | O34: ="INSERT INTO Operacao(OperacaoID, CulturaID, ParcelaID, TipoOperacaoID, DataRealizacao, Quantidade, UnidadeID) VALUES ("&K34&", "&L34&", "&A34&", "&M34&",TO_DATE('"&TEXT(F34,"dd/mm/aaaa")&"','dd/mm/yyyy'), "&SUBSTITUTE(G34,",",".")&", "&N34&");" -> INSERT INTO Operacao(OperacaoID, CulturaID, ParcelaID, TipoOperacaoID, DataRealizacao, Quantidade, UnidadeID) VALUES (33, 0, 104, 2,TO_DATE('02/09/2018','dd/mm/yyyy'), 4, 2);
A35: 104 | B35: Lameiro da ponte | C35: Rega | E35: Macieira | F35: 43353 | G35: 4 | H35: m3 | K35: =K34+1 -> 34 | L35: =_xlfn.XLOOKUP(E35,Plantas!$V$2:$V$96,Plantas!$U$2:$U$96,0,0) -> 0 | M35: {=_xlfn.XLOOKUP(C35,_xlfn.ANCHORARRAY($B$213),$A$213:$A$220,0,0)} -> 2 | N35: =_xlfn.XLOOKUP(H35,Unidades!$C$3:$C$8,Unidades!$B$3:$B$8,0,0) -> 2 | O35: ="INSERT INTO Operacao(OperacaoID, CulturaID, ParcelaID, TipoOperacaoID, DataRealizacao, Quantidade, UnidadeID) VALUES ("&K35&", "&L35&", "&A35&", "&M35&",TO_DATE('"&TEXT(F35,"dd/mm/aaaa")&"','dd/mm/yyyy'), "&SUBSTITUTE(G35,",",".")&", "&N35&");" -> INSERT INTO Operacao(OperacaoID, CulturaID, ParcelaID, TipoOperacaoID, DataRealizacao, Quantidade, UnidadeID) VALUES (34, 0, 104, 2,TO_DATE('10/09/2018','dd/mm/yyyy'), 4, 2);
A36: 102 | B36: Campo Grande | C36: Poda | E36: Oliveira Galega | F36: 43421 | G36: 30 | H36: un | K36: =K35+1 -> 35 | L36: =_xlfn.XLOOKUP(E36,Plantas!$V$2:$V$96,Plantas!$U$2:$U$96,0,0) -> 92 | M36: {=_xlfn.XLOOKUP(C36,_xlfn.ANCHORARRAY($B$213),$A$213:$A$220,0,0)} -> 3 | N36: =_xlfn.XLOOKUP(H36,Unidades!$C$3:$C$8,Unidades!$B$3:$B$8,0,0) -> 1 | O36: ="INSERT INTO Operacao(OperacaoID, CulturaID, ParcelaID, TipoOperacaoID, DataRealizacao, Quantidade, UnidadeID) VALUES ("&K36&", "&L36&", "&A36&", "&M36&",TO_DATE('"&TEXT(F36,"dd/mm/aaaa")&"','dd/mm/yyyy'), "&SUBSTITUTE(G36,",",".")&", "&N36&");" -> INSERT INTO Operacao(OperacaoID, CulturaID, ParcelaID, TipoOperacaoID, DataRealizacao, Quantidade, UnidadeID) VALUES (35, 92, 102, 3,TO_DATE('17/11/2018','dd/mm/yyyy'), 30, 1);
A37: 102 | B37: Campo Grande | C37: Poda | E37: Oliveira Picual | F37: 43421 | G37: 20 | H37: un | K37: =K36+1 -> 36 | L37: =_xlfn.XLOOKUP(E37,Plantas!$V$2:$V$96,Plantas!$U$2:$U$96,0,0) -> 89 | M37: {=_xlfn.XLOOKUP(C37,_xlfn.ANCHORARRAY($B$213),$A$213:$A$220,0,0)} -> 3 | N37: =_xlfn.XLOOKUP(H37,Unidades!$C$3:$C$8,Unidades!$B$3:$B$8,0,0) -> 1 | O37: ="INSERT INTO Operacao(OperacaoID, CulturaID, ParcelaID, TipoOperacaoID, DataRealizacao, Quantidade, UnidadeID) VALUES ("&K37&", "&L37&", "&A37&", "&M37&",TO_DATE('"&TEXT(F37,"dd/mm/aaaa")&"','dd/mm/yyyy'), "&SUBSTITUTE(G37,",",".")&", "&N37&");" -> INSERT INTO Operacao(OperacaoID, CulturaID, ParcelaID, TipoOperacaoID, DataRealizacao, Quantidade, UnidadeID) VALUES (36, 89, 102, 3,TO_DATE('17/11/2018','dd/mm/yyyy'), 20, 1);
... A43: 104 | B43: Lameiro da ponte | C43: Poda | E43: Macieira Royal Gala | F43: 43473 | G43: 40 | H43: un | K43: =K42+1 -> 42 | L43: =_xlfn.XLOOKUP(E43,Plantas!$V$2:$V$96,Plantas!$U$2:$U$96,0,0) -> 48 | M43: {=_xlfn.XLOOKUP(C43,_xlfn.ANCHORARRAY($B$213),$A$213:$A$220,0,0)} -> 3 | N43: =_xlfn.XLOOKUP(H43,Unidades!$C$3:$C$8,Unidades!$B$3:$B$8,0,0) -> 1 | O43: ="INSERT INTO Operacao(OperacaoID, CulturaID, ParcelaID, TipoOperacaoID, DataRealizacao, Quantidade, UnidadeID) VALUES ("&K43&", "&L43&", "&A43&", "&M43&",TO_DATE('"&TEXT(F43,"dd/mm/aaaa")&"','dd/mm/yyyy'), "&SUBSTITUTE(G43,",",".")&", "&N43&");" -> INSERT INTO Operacao(OperacaoID, CulturaID, ParcelaID, TipoOperacaoID, DataRealizacao, Quantidade, UnidadeID) VALUES (42, 48, 104, 3,TO_DATE('08/01/2019','dd/mm/yyyy'), 40, 1);
A44: 107 | B44: Vinha | C44: Aplicação fitofármaco | E44: Videira Dona Maria | F44: 43485 | G44: 2 | H44: kg | I44: Calda Bordalesa ASCENZA | K44: =K43+1 -> 43 | L44: =_xlfn.XLOOKUP(E44,Plantas!$V$2:$V$96,Plantas!$U$2:$U$96,0,0) -> 94 | M44: {=_xlfn.XLOOKUP(C44,_xlfn.ANCHORARRAY($B$213),$A$213:$A$220,0,0)} -> 5 | N44: =_xlfn.XLOOKUP(H44,Unidades!$C$3:$C$8,Unidades!$B$3:$B$8,0,0) -> 3 | O44: ="INSERT INTO Operacao(OperacaoID, CulturaID, ParcelaID, TipoOperacaoID, DataRealizacao, Quantidade, UnidadeID) VALUES ("&K44&", "&L44&", "&A44&", "&M44&",TO_DATE('"&TEXT(F44,"dd/mm/aaaa")&"','dd/mm/yyyy'), "&SUBSTITUTE(G44,",",".")&", "&N44&");" -> INSERT INTO Operacao(OperacaoID, CulturaID, ParcelaID, TipoOperacaoID, DataRealizacao, Quantidade, UnidadeID) VALUES (43, 94, 107, 5,TO_DATE('20/01/2019','dd/mm/yyyy'), 2, 3);
A45: 107 | B45: Vinha | C45: Aplicação fitofármaco | E45: Videira Cardinal | F45: 43485 | G45: 2.5 | H45: kg | I45: Calda Bordalesa ASCENZA | K45: =K44+1 -> 44 | L45: =_xlfn.XLOOKUP(E45,Plantas!$V$2:$V$96,Plantas!$U$2:$U$96,0,0) -> 95 | M45: {=_xlfn.XLOOKUP(C45,_xlfn.ANCHORARRAY($B$213),$A$213:$A$220,0,0)} -> 5 | N45: =_xlfn.XLOOKUP(H45,Unidades!$C$3:$C$8,Unidades!$B$3:$B$8,0,0) -> 3 | O45: ="INSERT INTO Operacao(OperacaoID, CulturaID, ParcelaID, TipoOperacaoID, DataRealizacao, Quantidade, UnidadeID) VALUES ("&K45&", "&L45&", "&A45&", "&M45&",TO_DATE('"&TEXT(F45,"dd/mm/aaaa")&"','dd/mm/yyyy'), "&SUBSTITUTE(G45,",",".")&", "&N45&");" -> INSERT INTO Operacao(OperacaoID, CulturaID, ParcelaID, TipoOperacaoID, DataRealizacao, Quantidade, UnidadeID) VALUES (44, 95, 107, 5,TO_DATE('20/01/2019','dd/mm/yyyy'), 2.5, 3);
A46: 104 | B46: Lameiro da ponte | C46: Fertilização | D46: Solo | E46: Macieira Jonagored | F46: 43502 | G46: 10 | H46: kg | I46: ESTA Kieserit | K46: =K45+1 -> 45 | L46: =_xlfn.XLOOKUP(E46,Plantas!$V$2:$V$96,Plantas!$U$2:$U$96,0,0) -> 41 | M46: {=_xlfn.XLOOKUP(C46,_xlfn.ANCHORARRAY($B$213),$A$213:$A$220,0,0)} -> 4 | N46: =_xlfn.XLOOKUP(H46,Unidades!$C$3:$C$8,Unidades!$B$3:$B$8,0,0) -> 3 | O46: ="INSERT INTO Operacao(OperacaoID, CulturaID, ParcelaID, TipoOperacaoID, DataRealizacao, Quantidade, UnidadeID) VALUES ("&K46&", "&L46&", "&A46&", "&M46&",TO_DATE('"&TEXT(F46,"dd/mm/aaaa")&"','dd/mm/yyyy'), "&SUBSTITUTE(G46,",",".")&", "&N46&");" -> INSERT INTO Operacao(OperacaoID, CulturaID, ParcelaID, TipoOperacaoID, DataRealizacao, Quantidade, UnidadeID) VALUES (45, 41, 104, 4,TO_DATE('06/02/2019','dd/mm/yyyy'), 10, 3);
A47: 104 | B47: Lameiro da ponte | C47: Fertilização | D47: Solo | E47: Macieira Fuji | F47: 43502 | G47: 5 | H47: kg | I47: ESTA Kieserit | K47: =K46+1 -> 46 | L47: =_xlfn.XLOOKUP(E47,Plantas!$V$2:$V$96,Plantas!$U$2:$U$96,0,0) -> 37 | M47: {=_xlfn.XLOOKUP(C47,_xlfn.ANCHORARRAY($B$213),$A$213:$A$220,0,0)} -> 4 | N47: =_xlfn.XLOOKUP(H47,Unidades!$C$3:$C$8,Unidades!$B$3:$B$8,0,0) -> 3 | O47: ="INSERT INTO Operacao(OperacaoID, CulturaID, ParcelaID, TipoOperacaoID, DataRealizacao, Quantidade, UnidadeID) VALUES ("&K47&", "&L47&", "&A47&", "&M47&",TO_DATE('"&TEXT(F47,"dd/mm/aaaa")&"','dd/mm/yyyy'), "&SUBSTITUTE(G47,",",".")&", "&N47&");" -> INSERT INTO Operacao(OperacaoID, CulturaID, ParcelaID, TipoOperacaoID, DataRealizacao, Quantidade, UnidadeID) VALUES (46, 37, 104, 4,TO_DATE('06/02/2019','dd/mm/yyyy'), 5, 3);
A48: 104 | B48: Lameiro da ponte | C48: Fertilização | D48: Solo | E48: Macieira Royal Gala | F48: 43502 | G48: 7 | H48: kg | I48: ESTA Kieserit | K48: =K47+1 -> 47 | L48: =_xlfn.XLOOKUP(E48,Plantas!$V$2:$V$96,Plantas!$U$2:$U$96,0,0) -> 48 | M48: {=_xlfn.XLOOKUP(C48,_xlfn.ANCHORARRAY($B$213),$A$213:$A$220,0,0)} -> 4 | N48: =_xlfn.XLOOKUP(H48,Unidades!$C$3:$C$8,Unidades!$B$3:$B$8,0,0) -> 3 | O48: ="INSERT INTO Operacao(OperacaoID, CulturaID, ParcelaID, TipoOperacaoID, DataRealizacao, Quantidade, UnidadeID) VALUES ("&K48&", "&L48&", "&A48&", "&M48&",TO_DATE('"&TEXT(F48,"dd/mm/aaaa")&"','dd/mm/yyyy'), "&SUBSTITUTE(G48,",",".")&", "&N48&");" -> INSERT INTO Operacao(OperacaoID, CulturaID, ParcelaID, TipoOperacaoID, DataRealizacao, Quantidade, UnidadeID) VALUES (47, 48, 104, 4,TO_DATE('06/02/2019','dd/mm/yyyy'), 7, 3);
A49: 102 | B49: Campo Grande | C49: Rega | E49: Oliveira Picual | F49: 43649 | G49: 1 | H49: m3 | K49: =K48+1 -> 48 | L49: =_xlfn.XLOOKUP(E49,Plantas!$V$2:$V$96,Plantas!$U$2:$U$96,0,0) -> 89 | M49: {=_xlfn.XLOOKUP(C49,_xlfn.ANCHORARRAY($B$213),$A$213:$A$220,0,0)} -> 2 | N49: =_xlfn.XLOOKUP(H49,Unidades!$C$3:$C$8,Unidades!$B$3:$B$8,0,0) -> 2 | O49: ="INSERT INTO Operacao(OperacaoID, CulturaID, ParcelaID, TipoOperacaoID, DataRealizacao, Quantidade, UnidadeID) VALUES ("&K49&", "&L49&", "&A49&", "&M49&",TO_DATE('"&TEXT(F49,"dd/mm/aaaa")&"','dd/mm/yyyy'), "&SUBSTITUTE(G49,",",".")&", "&N49&");" -> INSERT INTO Operacao(OperacaoID, CulturaID, ParcelaID, TipoOperacaoID, DataRealizacao, Quantidade, UnidadeID) VALUES (48, 89, 102, 2,TO_DATE('03/07/2019','dd/mm/yyyy'), 1, 2);
A50: 102 | B50: Campo Grande | C50: Rega | E50: Oliveira Galega | F50: 43649 | G50: 1.5 | H50: m3 | K50: =K49+1 -> 49 | L50: =_xlfn.XLOOKUP(E50,Plantas!$V$2:$V$96,Plantas!$U$2:$U$96,0,0) -> 92 | M50: {=_xlfn.XLOOKUP(C50,_xlfn.ANCHORARRAY($B$213),$A$213:$A$220,0,0)} -> 2 | N50: =_xlfn.XLOOKUP(H50,Unidades!$C$3:$C$8,Unidades!$B$3:$B$8,0,0) -> 2 | O50: ="INSERT INTO Operacao(OperacaoID, CulturaID, ParcelaID, TipoOperacaoID, DataRealizacao, Quantidade, UnidadeID) VALUES ("&K50&", "&L50&", "&A50&", "&M50&",TO_DATE('"&TEXT(F50,"dd/mm/aaaa")&"','dd/mm/yyyy'), "&SUBSTITUTE(G50,",",".")&", "&N50&");" -> INSERT INTO Operacao(OperacaoID, CulturaID, ParcelaID, TipoOperacaoID, DataRealizacao, Quantidade, UnidadeID) VALUES (49, 92, 102, 2,TO_DATE('03/07/2019','dd/mm/yyyy'), 1.5, 2);
A51: 104 | B51: Lameiro da ponte | C51: Rega | E51: Macieira | F51: 43649 | G51: 4 | H51: m3 | K51: =K50+1 -> 50 | L51: =_xlfn.XLOOKUP(E51,Plantas!$V$2:$V$96,Plantas!$U$2:$U$96,0,0) -> 0 | M51: {=_xlfn.XLOOKUP(C51,_xlfn.ANCHORARRAY($B$213),$A$213:$A$220,0,0)} -> 2 | N51: =_xlfn.XLOOKUP(H51,Unidades!$C$3:$C$8,Unidades!$B$3:$B$8,0,0) -> 2 | O51: ="INSERT INTO Operacao(OperacaoID, CulturaID, ParcelaID, TipoOperacaoID, DataRealizacao, Quantidade, UnidadeID) VALUES ("&K51&", "&L51&", "&A51&", "&M51&",TO_DATE('"&TEXT(F51,"dd/mm/aaaa")&"','dd/mm/yyyy'), "&SUBSTITUTE(G51,",",".")&", "&N51&");" -> INSERT INTO Operacao(OperacaoID, CulturaID, ParcelaID, TipoOperacaoID, DataRealizacao, Quantidade, UnidadeID) VALUES (50, 0, 104, 2,TO_DATE('03/07/2019','dd/mm/yyyy'), 4, 2);
A52: 107 | B52: Vinha | C52: Rega | E52: Videira | F52: 43656 | G52: 6 | H52: m3 | K52: =K51+1 -> 51 | L52: =_xlfn.XLOOKUP(E52,Plantas!$V$2:$V$96,Plantas!$U$2:$U$96,0,0) -> 0 | M52: {=_xlfn.XLOOKUP(C52,_xlfn.ANCHORARRAY($B$213),$A$213:$A$220,0,0)} -> 2 | N52: =_xlfn.XLOOKUP(H52,Unidades!$C$3:$C$8,Unidades!$B$3:$B$8,0,0) -> 2 | O52: ="INSERT INTO Operacao(OperacaoID, CulturaID, ParcelaID, TipoOperacaoID, DataRealizacao, Quantidade, UnidadeID) VALUES ("&K52&", "&L52&", "&A52&", "&M52&",TO_DATE('"&TEXT(F52,"dd/mm/aaaa")&"','dd/mm/yyyy'), "&SUBSTITUTE(G52,",",".")&", "&N52&");" -> INSERT INTO Operacao(OperacaoID, CulturaID, ParcelaID, TipoOperacaoID, DataRealizacao, Quantidade, UnidadeID) VALUES (51, 0, 107, 2,TO_DATE('10/07/2019','dd/mm/yyyy'), 6, 2);
A53: 102 | B53: Campo Grande | C53: Rega | E53: Oliveira Picual | F53: 43687 | G53: 1 | H53: m3 | K53: =K52+1 -> 52 | L53: =_xlfn.XLOOKUP(E53,Plantas!$V$2:$V$96,Plantas!$U$2:$U$96,0,0) -> 89 | M53: {=_xlfn.XLOOKUP(C53,_xlfn.ANCHORARRAY($B$213),$A$213:$A$220,0,0)} -> 2 | N53: =_xlfn.XLOOKUP(H53,Unidades!$C$3:$C$8,Unidades!$B$3:$B$8,0,0) -> 2 | O53: ="INSERT INTO Operacao(OperacaoID, CulturaID, ParcelaID, TipoOperacaoID, DataRealizacao, Quantidade, UnidadeID) VALUES ("&K53&", "&L53&", "&A53&", "&M53&",TO_DATE('"&TEXT(F53,"dd/mm/aaaa")&"','dd/mm/yyyy'), "&SUBSTITUTE(G53,",",".")&", "&N53&");" -> INSERT INTO Operacao(OperacaoID, CulturaID, ParcelaID, TipoOperacaoID, DataRealizacao, Quantidade, UnidadeID) VALUES (52, 89, 102, 2,TO_DATE('10/08/2019','dd/mm/yyyy'), 1, 2);
A54: 102 | B54: Campo Grande | C54: Rega | E54: Oliveira Galega | F54: 43687 | G54: 1.5 | H54: m3 | K54: =K53+1 -> 53 | L54: =_xlfn.XLOOKUP(E54,Plantas!$V$2:$V$96,Plantas!$U$2:$U$96,0,0) -> 92 | M54: {=_xlfn.XLOOKUP(C54,_xlfn.ANCHORARRAY($B$213),$A$213:$A$220,0,0)} -> 2 | N54: =_xlfn.XLOOKUP(H54,Unidades!$C$3:$C$8,Unidades!$B$3:$B$8,0,0) -> 2 | O54: ="INSERT INTO Operacao(OperacaoID, CulturaID, ParcelaID, TipoOperacaoID, DataRealizacao, Quantidade, UnidadeID) VALUES ("&K54&", "&L54&", "&A54&", "&M54&",TO_DATE('"&TEXT(F54,"dd/mm/aaaa")&"','dd/mm/yyyy'), "&SUBSTITUTE(G54,",",".")&", "&N54&");" -> INSERT INTO Operacao(OperacaoID, CulturaID, ParcelaID, TipoOperacaoID, DataRealizacao, Quantidade, UnidadeID) VALUES (53, 92, 102, 2,TO_DATE('10/08/2019','dd/mm/yyyy'), 1.5, 2);
A55: 104 | B55: Lameiro da ponte | C55: Rega | E55: Macieira | F55: 43687 | G55: 4.5 | H55: m3 | K55: =K54+1 -> 54 | L55: =_xlfn.XLOOKUP(E55,Plantas!$V$2:$V$96,Plantas!$U$2:$U$96,0,0) -> 0 | M55: {=_xlfn.XLOOKUP(C55,_xlfn.ANCHORARRAY($B$213),$A$213:$A$220,0,0)} -> 2 | N55: =_xlfn.XLOOKUP(H55,Unidades!$C$3:$C$8,Unidades!$B$3:$B$8,0,0) -> 2 | O55: ="INSERT INTO Operacao(OperacaoID, CulturaID, ParcelaID, TipoOperacaoID, DataRealizacao, Quantidade, UnidadeID) VALUES ("&K55&", "&L55&", "&A55&", "&M55&",TO_DATE('"&TEXT(F55,"dd/mm/aaaa")&"','dd/mm/yyyy'), "&SUBSTITUTE(G55,",",".")&", "&N55&");" -> INSERT INTO Operacao(OperacaoID, CulturaID, ParcelaID, TipoOperacaoID, DataRealizacao, Quantidade, UnidadeID) VALUES (54, 0, 104, 2,TO_DATE('10/08/2019','dd/mm/yyyy'), 4.5, 2);
A56: 107 | B56: Vinha | C56: Rega | E56: Videira | F56: 43688 | G56: 7 | H56: m3 | K56: =K55+1 -> 55 | L56: =_xlfn.XLOOKUP(E56,Plantas!$V$2:$V$96,Plantas!$U$2:$U$96,0,0) -> 0 | M56: {=_xlfn.XLOOKUP(C56,_xlfn.ANCHORARRAY($B$213),$A$213:$A$220,0,0)} -> 2 | N56: =_xlfn.XLOOKUP(H56,Unidades!$C$3:$C$8,Unidades!$B$3:$B$8,0,0) -> 2 | O56: ="INSERT INTO Operacao(OperacaoID, CulturaID, ParcelaID, TipoOperacaoID, DataRealizacao, Quantidade, UnidadeID) VALUES ("&K56&", "&L56&", "&A56&", "&M56&",TO_DATE('"&TEXT(F56,"dd/mm/aaaa")&"','dd/mm/yyyy'), "&SUBSTITUTE(G56,",",".")&", "&N56&");" -> INSERT INTO Operacao(OperacaoID, CulturaID, ParcelaID, TipoOperacaoID, DataRealizacao, Quantidade, UnidadeID) VALUES (55, 0, 107, 2,TO_DATE('11/08/2019','dd/mm/yyyy'), 7, 2);
A57: 102 | B57: Campo Grande | C57: Poda | E57: Oliveira Galega | F57: 43784 | G57: 30 | H57: un | K57: =K56+1 -> 56 | L57: =_xlfn.XLOOKUP(E57,Plantas!$V$2:$V$96,Plantas!$U$2:$U$96,0,0) -> 92 | M57: {=_xlfn.XLOOKUP(C57,_xlfn.ANCHORARRAY($B$213),$A$213:$A$220,0,0)} -> 3 | N57: =_xlfn.XLOOKUP(H57,Unidades!$C$3:$C$8,Unidades!$B$3:$B$8,0,0) -> 1 | O57: ="INSERT INTO Operacao(OperacaoID, CulturaID, ParcelaID, TipoOperacaoID, DataRealizacao, Quantidade, UnidadeID) VALUES ("&K57&", "&L57&", "&A57&", "&M57&",TO_DATE('"&TEXT(F57,"dd/mm/aaaa")&"','dd/mm/yyyy'), "&SUBSTITUTE(G57,",",".")&", "&N57&");" -> INSERT INTO Operacao(OperacaoID, CulturaID, ParcelaID, TipoOperacaoID, DataRealizacao, Quantidade, UnidadeID) VALUES (56, 92, 102, 3,TO_DATE('15/11/2019','dd/mm/yyyy'), 30, 1);
A58: 102 | B58: Campo Grande | C58: Poda | E58: Oliveira Picual | F58: 43784 | G58: 20 | H58: un | K58: =K57+1 -> 57 | L58: =_xlfn.XLOOKUP(E58,Plantas!$V$2:$V$96,Plantas!$U$2:$U$96,0,0) -> 89 | M58: {=_xlfn.XLOOKUP(C58,_xlfn.ANCHORARRAY($B$213),$A$213:$A$220,0,0)} -> 3 | N58: =_xlfn.XLOOKUP(H58,Unidades!$C$3:$C$8,Unidades!$B$3:$B$8,0,0) -> 1 | O58: ="INSERT INTO Operacao(OperacaoID, CulturaID, ParcelaID, TipoOperacaoID, DataRealizacao, Quantidade, UnidadeID) VALUES ("&K58&", "&L58&", "&A58&", "&M58&",TO_DATE('"&TEXT(F58,"dd/mm/aaaa")&"','dd/mm/yyyy'), "&SUBSTITUTE(G58,",",".")&", "&N58&");" -> INSERT INTO Operacao(OperacaoID, CulturaID, ParcelaID, TipoOperacaoID, DataRealizacao, Quantidade, UnidadeID) VALUES (57, 89, 102, 3,TO_DATE('15/11/2019','dd/mm/yyyy'), 20, 1);
A59: 107 | B59: Vinha | C59: Poda | E59: Videira Dona Maria | F59: 43815 | G59: 500 | H59: un | K59: =K58+1 -> 58 | L59: =_xlfn.XLOOKUP(E59,Plantas!$V$2:$V$96,Plantas!$U$2:$U$96,0,0) -> 94 | M59: {=_xlfn.XLOOKUP(C59,_xlfn.ANCHORARRAY($B$213),$A$213:$A$220,0,0)} -> 3 | N59: =_xlfn.XLOOKUP(H59,Unidades!$C$3:$C$8,Unidades!$B$3:$B$8,0,0) -> 1 | O59: ="INSERT INTO Operacao(OperacaoID, CulturaID, ParcelaID, TipoOperacaoID, DataRealizacao, Quantidade, UnidadeID) VALUES ("&K59&", "&L59&", "&A59&", "&M59&",TO_DATE('"&TEXT(F59,"dd/mm/aaaa")&"','dd/mm/yyyy'), "&SUBSTITUTE(G59,",",".")&", "&N59&");" -> INSERT INTO Operacao(OperacaoID, CulturaID, ParcelaID, TipoOperacaoID, DataRealizacao, Quantidade, UnidadeID) VALUES (58, 94, 107, 3,TO_DATE('16/12/2019','dd/mm/yyyy'), 500, 1);
A60: 107 | B60: Vinha | C60: Poda | E60: Videira Cardinal | F60: 43817 | G60: 700 | H60: un | K60: =K59+1 -> 59 | L60: =_xlfn.XLOOKUP(E60,Plantas!$V$2:$V$96,Plantas!$U$2:$U$96,0,0) -> 95 | M60: {=_xlfn.XLOOKUP(C60,_xlfn.ANCHORARRAY($B$213),$A$213:$A$220,0,0)} -> 3 | N60: =_xlfn.XLOOKUP(H60,Unidades!$C$3:$C$8,Unidades!$B$3:$B$8,0,0) -> 1 | O60: ="INSERT INTO Operacao(OperacaoID, CulturaID, ParcelaID, TipoOperacaoID, DataRealizacao, Quantidade, UnidadeID) VALUES ("&K60&", "&L60&", "&A60&", "&M60&",TO_DATE('"&TEXT(F60,"dd/mm/aaaa")&"','dd/mm/yyyy'), "&SUBSTITUTE(G60,",",".")&", "&N60&");" -> INSERT INTO Operacao(OperacaoID, CulturaID, ParcelaID, TipoOperacaoID, DataRealizacao, Quantidade, UnidadeID) VALUES (59, 95, 107, 3,TO_DATE('18/12/2019','dd/mm/yyyy'), 700, 1);
A61: 107 | B61: Vinha | C61: Aplicação fitofármaco | E61: Videira Dona Maria | F61: 43850 | G61: 2 | H61: kg | I61: Calda Bordalesa ASCENZA | K61: =K60+1 -> 60 | L61: =_xlfn.XLOOKUP(E61,Plantas!$V$2:$V$96,Plantas!$U$2:$U$96,0,0) -> 94 | M61: {=_xlfn.XLOOKUP(C61,_xlfn.ANCHORARRAY($B$213),$A$213:$A$220,0,0)} -> 5 | N61: =_xlfn.XLOOKUP(H61,Unidades!$C$3:$C$8,Unidades!$B$3:$B$8,0,0) -> 3 | O61: ="INSERT INTO Operacao(OperacaoID, CulturaID, ParcelaID, TipoOperacaoID, DataRealizacao, Quantidade, UnidadeID) VALUES ("&K61&", "&L61&", "&A61&", "&M61&",TO_DATE('"&TEXT(F61,"dd/mm/aaaa")&"','dd/mm/yyyy'), "&SUBSTITUTE(G61,",",".")&", "&N61&");" -> INSERT INTO Operacao(OperacaoID, CulturaID, ParcelaID, TipoOperacaoID, DataRealizacao, Quantidade, UnidadeID) VALUES (60, 94, 107, 5,TO_DATE('20/01/2020','dd/mm/yyyy'), 2, 3);
A62: 107 | B62: Vinha | C62: Aplicação fitofármaco | E62: Videira Cardinal | F62: 43850 | G62: 2.5 | H62: kg | I62: Calda Bordalesa ASCENZA | K62: =K61+1 -> 61 | L62: =_xlfn.XLOOKUP(E62,Plantas!$V$2:$V$96,Plantas!$U$2:$U$96,0,0) -> 95 | M62: {=_xlfn.XLOOKUP(C62,_xlfn.ANCHORARRAY($B$213),$A$213:$A$220,0,0)} -> 5 | N62: =_xlfn.XLOOKUP(H62,Unidades!$C$3:$C$8,Unidades!$B$3:$B$8,0,0) -> 3 | O62: ="INSERT INTO Operacao(OperacaoID, CulturaID, ParcelaID, TipoOperacaoID, DataRealizacao, Quantidade, UnidadeID) VALUES ("&K62&", "&L62&", "&A62&", "&M62&",TO_DATE('"&TEXT(F62,"dd/mm/aaaa")&"','dd/mm/yyyy'), "&SUBSTITUTE(G62,",",".")&", "&N62&");" -> INSERT INTO Operacao(OperacaoID, CulturaID, ParcelaID, TipoOperacaoID, DataRealizacao, Quantidade, UnidadeID) VALUES (61, 95, 107, 5,TO_DATE('20/01/2020','dd/mm/yyyy'), 2.5, 3);
A63: 106 | B63: Horta Nova | C63: Sementeira | E63: Cenoura Scarlet Nantes | F63: 43902 | G63: 0.9 | H63: kg | K63: =K62+1 -> 62 | L63: =_xlfn.XLOOKUP(E63,Plantas!$V$2:$V$96,Plantas!$U$2:$U$96,0,0) -> 79 | M63: {=_xlfn.XLOOKUP(C63,_xlfn.ANCHORARRAY($B$213),$A$213:$A$220,0,0)} -> 6 | N63: =_xlfn.XLOOKUP(H63,Unidades!$C$3:$C$8,Unidades!$B$3:$B$8,0,0) -> 3 | O63: ="INSERT INTO Operacao(OperacaoID, CulturaID, ParcelaID, TipoOperacaoID, DataRealizacao, Quantidade, UnidadeID) VALUES ("&K63&", "&L63&", "&A63&", "&M63&",TO_DATE('"&TEXT(F63,"dd/mm/aaaa")&"','dd/mm/yyyy'), "&SUBSTITUTE(G63,",",".")&", "&N63&");" -> INSERT INTO Operacao(OperacaoID, CulturaID, ParcelaID, TipoOperacaoID, DataRealizacao, Quantidade, UnidadeID) VALUES (62, 79, 106, 6,TO_DATE('12/03/2020','dd/mm/yyyy'), 0.9, 3);
A64: 103 | B64: Campo do poço | C64: Fertilização | D64: Solo | F64: 43920 | G64: 600 | H64: kg | I64: Biocal Composto | K64: =K63+1 -> 63 | L64: =_xlfn.XLOOKUP(E64,Plantas!$V$2:$V$96,Plantas!$U$2:$U$96,0,0) -> 0 | M64: {=_xlfn.XLOOKUP(C64,_xlfn.ANCHORARRAY($B$213),$A$213:$A$220,0,0)} -> 4 | N64: =_xlfn.XLOOKUP(H64,Unidades!$C$3:$C$8,Unidades!$B$3:$B$8,0,0) -> 3 | O64: ="INSERT INTO Operacao(OperacaoID, CulturaID, ParcelaID, TipoOperacaoID, DataRealizacao, Quantidade, UnidadeID) VALUES ("&K64&", "&L64&", "&A64&", "&M64&",TO_DATE('"&TEXT(F64,"dd/mm/aaaa")&"','dd/mm/yyyy'), "&SUBSTITUTE(G64,",",".")&", "&N64&");" -> INSERT INTO Operacao(OperacaoID, CulturaID, ParcelaID, TipoOperacaoID, DataRealizacao, Quantidade, UnidadeID) VALUES (63, 0, 103, 4,TO_DATE('30/03/2020','dd/mm/yyyy'), 600, 3);
A65: 103 | B65: Campo do poço | C65: Sementeira | E65: Milho MAS 24.C | F65: 43926 | G65: 1.2 | H65: ha | K65: =K64+1 -> 64 | L65: =_xlfn.XLOOKUP(E65,Plantas!$V$2:$V$96,Plantas!$U$2:$U$96,0,0) -> 82 | M65: {=_xlfn.XLOOKUP(C65,_xlfn.ANCHORARRAY($B$213),$A$213:$A$220,0,0)} -> 6 | N65: =_xlfn.XLOOKUP(H65,Unidades!$C$3:$C$8,Unidades!$B$3:$B$8,0,0) -> 4 | O65: ="INSERT INTO Operacao(OperacaoID, CulturaID, ParcelaID, TipoOperacaoID, DataRealizacao, Quantidade, UnidadeID) VALUES ("&K65&", "&L65&", "&A65&", "&M65&",TO_DATE('"&TEXT(F65,"dd/mm/aaaa")&"','dd/mm/yyyy'), "&SUBSTITUTE(G65,",",".")&", "&N65&");" -> INSERT INTO Operacao(OperacaoID, CulturaID, ParcelaID, TipoOperacaoID, DataRealizacao, Quantidade, UnidadeID) VALUES (64, 82, 103, 6,TO_DATE('05/04/2020','dd/mm/yyyy'), 1.2, 4);
A66: 106 | B66: Horta Nova | C66: Colheita | E66: Cenoura Scarlet Nantes | F66: 43956 | G66: 2200 | H66: kg | K66: =K65+1 -> 65 | L66: =_xlfn.XLOOKUP(E66,Plantas!$V$2:$V$96,Plantas!$U$2:$U$96,0,0) -> 79 | M66: {=_xlfn.XLOOKUP(C66,_xlfn.ANCHORARRAY($B$213),$A$213:$A$220,0,0)} -> 7 | N66: =_xlfn.XLOOKUP(H66,Unidades!$C$3:$C$8,Unidades!$B$3:$B$8,0,0) -> 3 | O66: ="INSERT INTO Operacao(OperacaoID, CulturaID, ParcelaID, TipoOperacaoID, DataRealizacao, Quantidade, UnidadeID) VALUES ("&K66&", "&L66&", "&A66&", "&M66&",TO_DATE('"&TEXT(F66,"dd/mm/aaaa")&"','dd/mm/yyyy'), "&SUBSTITUTE(G66,",",".")&", "&N66&");" -> INSERT INTO Operacao(OperacaoID, CulturaID, ParcelaID, TipoOperacaoID, DataRealizacao, Quantidade, UnidadeID) VALUES (65, 79, 106, 7,TO_DATE('05/05/2020','dd/mm/yyyy'), 2200, 3);
A67: 106 | B67: Horta Nova | C67: Colheita | E67: Cenoura Scarlet Nantes | F67: 43966 | G67: 1400 | H67: kg | K67: =K66+1 -> 66 | L67: =_xlfn.XLOOKUP(E67,Plantas!$V$2:$V$96,Plantas!$U$2:$U$96,0,0) -> 79 | M67: {=_xlfn.XLOOKUP(C67,_xlfn.ANCHORARRAY($B$213),$A$213:$A$220,0,0)} -> 7 | N67: =_xlfn.XLOOKUP(H67,Unidades!$C$3:$C$8,Unidades!$B$3:$B$8,0,0) -> 3 | O67: ="INSERT INTO Operacao(OperacaoID, CulturaID, ParcelaID, TipoOperacaoID, DataRealizacao, Quantidade, UnidadeID) VALUES ("&K67&", "&L67&", "&A67&", "&M67&",TO_DATE('"&TEXT(F67,"dd/mm/aaaa")&"','dd/mm/yyyy'), "&SUBSTITUTE(G67,",",".")&", "&N67&");" -> INSERT INTO Operacao(OperacaoID, CulturaID, ParcelaID, TipoOperacaoID, DataRealizacao, Quantidade, UnidadeID) VALUES (66, 79, 106, 7,TO_DATE('15/05/2020','dd/mm/yyyy'), 1400, 3);
A68: 106 | B68: Horta Nova | C68: Sementeira | E68: Cenoura Nelson Hybrid | F68: 43984 | G68: 0.6 | H68: kg | K68: =K67+1 -> 67 | L68: =_xlfn.XLOOKUP(E68,Plantas!$V$2:$V$96,Plantas!$U$2:$U$96,0,0) -> 78 | M68: {=_xlfn.XLOOKUP(C68,_xlfn.ANCHORARRAY($B$213),$A$213:$A$220,0,0)} -> 6 | N68: =_xlfn.XLOOKUP(H68,Unidades!$C$3:$C$8,Unidades!$B$3:$B$8,0,0) -> 3 | O68: ="INSERT INTO Operacao(OperacaoID, CulturaID, ParcelaID, TipoOperacaoID, DataRealizacao, Quantidade, UnidadeID) VALUES ("&K68&", "&L68&", "&A68&", "&M68&",TO_DATE('"&TEXT(F68,"dd/mm/aaaa")&"','dd/mm/yyyy'), "&SUBSTITUTE(G68,",",".")&", "&N68&");" -> INSERT INTO Operacao(OperacaoID, CulturaID, ParcelaID, TipoOperacaoID, DataRealizacao, Quantidade, UnidadeID) VALUES (67, 78, 106, 6,TO_DATE('02/06/2020','dd/mm/yyyy'), 0.6, 3);
A69: 102 | B69: Campo Grande | C69: Rega | E69: Oliveira Picual | F69: 44015 | G69: 1 | H69: m3 | K69: =K68+1 -> 68 | L69: =_xlfn.XLOOKUP(E69,Plantas!$V$2:$V$96,Plantas!$U$2:$U$96,0,0) -> 89 | M69: {=_xlfn.XLOOKUP(C69,_xlfn.ANCHORARRAY($B$213),$A$213:$A$220,0,0)} -> 2 | N69: =_xlfn.XLOOKUP(H69,Unidades!$C$3:$C$8,Unidades!$B$3:$B$8,0,0) -> 2 | O69: ="INSERT INTO Operacao(OperacaoID, CulturaID, ParcelaID, TipoOperacaoID, DataRealizacao, Quantidade, UnidadeID) VALUES ("&K69&", "&L69&", "&A69&", "&M69&",TO_DATE('"&TEXT(F69,"dd/mm/aaaa")&"','dd/mm/yyyy'), "&SUBSTITUTE(G69,",",".")&", "&N69&");" -> INSERT INTO Operacao(OperacaoID, CulturaID, ParcelaID, TipoOperacaoID, DataRealizacao, Quantidade, UnidadeID) VALUES (68, 89, 102, 2,TO_DATE('03/07/2020','dd/mm/yyyy'), 1, 2);
A70: 102 | B70: Campo Grande | C70: Rega | E70: Oliveira Galega | F70: 44015 | G70: 1.5 | H70: m3 | K70: =K69+1 -> 69 | L70: =_xlfn.XLOOKUP(E70,Plantas!$V$2:$V$96,Plantas!$U$2:$U$96,0,0) -> 92 | M70: {=_xlfn.XLOOKUP(C70,_xlfn.ANCHORARRAY($B$213),$A$213:$A$220,0,0)} -> 2 | N70: =_xlfn.XLOOKUP(H70,Unidades!$C$3:$C$8,Unidades!$B$3:$B$8,0,0) -> 2 | O70: ="INSERT INTO Operacao(OperacaoID, CulturaID, ParcelaID, TipoOperacaoID, DataRealizacao, Quantidade, UnidadeID) VALUES ("&K70&", "&L70&", "&A70&", "&M70&",TO_DATE('"&TEXT(F70,"dd/mm/aaaa")&"','dd/mm/yyyy'), "&SUBSTITUTE(G70,",",".")&", "&N70&");" -> INSERT INTO Operacao(OperacaoID, CulturaID, ParcelaID, TipoOperacaoID, DataRealizacao, Quantidade, UnidadeID) VALUES (69, 92, 102, 2,TO_DATE('03/07/2020','dd/mm/yyyy'), 1.5, 2);
A71: 107 | B71: Vinha | C71: Rega | E71: Videira | F71: 44022 | G71: 6 | H71: m3 | K71: =K70+1 -> 70 | L71: =_xlfn.XLOOKUP(E71,Plantas!$V$2:$V$96,Plantas!$U$2:$U$96,0,0) -> 0 | M71: {=_xlfn.XLOOKUP(C71,_xlfn.ANCHORARRAY($B$213),$A$213:$A$220,0,0)} -> 2 | N71: =_xlfn.XLOOKUP(H71,Unidades!$C$3:$C$8,Unidades!$B$3:$B$8,0,0) -> 2 | O71: ="INSERT INTO Operacao(OperacaoID, CulturaID, ParcelaID, TipoOperacaoID, DataRealizacao, Quantidade, UnidadeID) VALUES ("&K71&", "&L71&", "&A71&", "&M71&",TO_DATE('"&TEXT(F71,"dd/mm/aaaa")&"','dd/mm/yyyy'), "&SUBSTITUTE(G71,",",".")&", "&N71&");" -> INSERT INTO Operacao(OperacaoID, CulturaID, ParcelaID, TipoOperacaoID, DataRealizacao, Quantidade, UnidadeID) VALUES (70, 0, 107, 2,TO_DATE('10/07/2020','dd/mm/yyyy'), 6, 2);
A72: 103 | B72: Campo do poço | C72: Rega | E72: Milho MAS 24.C | F72: 44024 | G72: 15 | H72: m3 | K72: =K71+1 -> 71 | L72: =_xlfn.XLOOKUP(E72,Plantas!$V$2:$V$96,Plantas!$U$2:$U$96,0,0) -> 82 | M72: {=_xlfn.XLOOKUP(C72,_xlfn.ANCHORARRAY($B$213),$A$213:$A$220,0,0)} -> 2 | N72: =_xlfn.XLOOKUP(H72,Unidades!$C$3:$C$8,Unidades!$B$3:$B$8,0,0) -> 2 | O72: ="INSERT INTO Operacao(OperacaoID, CulturaID, ParcelaID, TipoOperacaoID, DataRealizacao, Quantidade, UnidadeID) VALUES ("&K72&", "&L72&", "&A72&", "&M72&",TO_DATE('"&TEXT(F72,"dd/mm/aaaa")&"','dd/mm/yyyy'), "&SUBSTITUTE(G72,",",".")&", "&N72&");" -> INSERT INTO Operacao(OperacaoID, CulturaID, ParcelaID, TipoOperacaoID, DataRealizacao, Quantidade, UnidadeID) VALUES (71, 82, 103, 2,TO_DATE('12/07/2020','dd/mm/yyyy'), 15, 2);
A73: 106 | B73: Horta Nova | C73: Rega | E73: Cenoura Nelson Hybrid | F73: 44027 | G73: 2.5 | H73: m3 | K73: =K72+1 -> 72 | L73: =_xlfn.XLOOKUP(E73,Plantas!$V$2:$V$96,Plantas!$U$2:$U$96,0,0) -> 78 | M73: {=_xlfn.XLOOKUP(C73,_xlfn.ANCHORARRAY($B$213),$A$213:$A$220,0,0)} -> 2 | N73: =_xlfn.XLOOKUP(H73,Unidades!$C$3:$C$8,Unidades!$B$3:$B$8,0,0) -> 2 | O73: ="INSERT INTO Operacao(OperacaoID, CulturaID, ParcelaID, TipoOperacaoID, DataRealizacao, Quantidade, UnidadeID) VALUES ("&K73&", "&L73&", "&A73&", "&M73&",TO_DATE('"&TEXT(F73,"dd/mm/aaaa")&"','dd/mm/yyyy'), "&SUBSTITUTE(G73,",",".")&", "&N73&");" -> INSERT INTO Operacao(OperacaoID, CulturaID, ParcelaID, TipoOperacaoID, DataRealizacao, Quantidade, UnidadeID) VALUES (72, 78, 106, 2,TO_DATE('15/07/2020','dd/mm/yyyy'), 2.5, 2);
A74: 103 | B74: Campo do poço | C74: Rega | E74: Milho MAS 24.C | F74: 44040 | G74: 15 | H74: m3 | K74: =K73+1 -> 73 | L74: =_xlfn.XLOOKUP(E74,Plantas!$V$2:$V$96,Plantas!$U$2:$U$96,0,0) -> 82 | M74: {=_xlfn.XLOOKUP(C74,_xlfn.ANCHORARRAY($B$213),$A$213:$A$220,0,0)} -> 2 | N74: =_xlfn.XLOOKUP(H74,Unidades!$C$3:$C$8,Unidades!$B$3:$B$8,0,0) -> 2 | O74: ="INSERT INTO Operacao(OperacaoID, CulturaID, ParcelaID, TipoOperacaoID, DataRealizacao, Quantidade, UnidadeID) VALUES ("&K74&", "&L74&", "&A74&", "&M74&",TO_DATE('"&TEXT(F74,"dd/mm/aaaa")&"','dd/mm/yyyy'), "&SUBSTITUTE(G74,",",".")&", "&N74&");" -> INSERT INTO Operacao(OperacaoID, CulturaID, ParcelaID, TipoOperacaoID, DataRealizacao, Quantidade, UnidadeID) VALUES (73, 82, 103, 2,TO_DATE('28/07/2020','dd/mm/yyyy'), 15, 2);
A75: 102 | B75: Campo Grande | C75: Rega | E75: Oliveira Picual | F75: 44053 | G75: 1 | H75: m3 | K75: =K74+1 -> 74 | L75: =_xlfn.XLOOKUP(E75,Plantas!$V$2:$V$96,Plantas!$U$2:$U$96,0,0) -> 89 | M75: {=_xlfn.XLOOKUP(C75,_xlfn.ANCHORARRAY($B$213),$A$213:$A$220,0,0)} -> 2 | N75: =_xlfn.XLOOKUP(H75,Unidades!$C$3:$C$8,Unidades!$B$3:$B$8,0,0) -> 2 | O75: ="INSERT INTO Operacao(OperacaoID, CulturaID, ParcelaID, TipoOperacaoID, DataRealizacao, Quantidade, UnidadeID) VALUES ("&K75&", "&L75&", "&A75&", "&M75&",TO_DATE('"&TEXT(F75,"dd/mm/aaaa")&"','dd/mm/yyyy'), "&SUBSTITUTE(G75,",",".")&", "&N75&");" -> INSERT INTO Operacao(OperacaoID, CulturaID, ParcelaID, TipoOperacaoID, DataRealizacao, Quantidade, UnidadeID) VALUES (74, 89, 102, 2,TO_DATE('10/08/2020','dd/mm/yyyy'), 1, 2);
A76: 102 | B76: Campo Grande | C76: Rega | E76: Oliveira Galega | F76: 44053 | G76: 1.5 | H76: m3 | K76: =K75+1 -> 75 | L76: =_xlfn.XLOOKUP(E76,Plantas!$V$2:$V$96,Plantas!$U$2:$U$96,0,0) -> 92 | M76: {=_xlfn.XLOOKUP(C76,_xlfn.ANCHORARRAY($B$213),$A$213:$A$220,0,0)} -> 2 | N76: =_xlfn.XLOOKUP(H76,Unidades!$C$3:$C$8,Unidades!$B$3:$B$8,0,0) -> 2 | O76: ="INSERT INTO Operacao(OperacaoID, CulturaID, ParcelaID, TipoOperacaoID, DataRealizacao, Quantidade, UnidadeID) VALUES ("&K76&", "&L76&", "&A76&", "&M76&",TO_DATE('"&TEXT(F76,"dd/mm/aaaa")&"','dd/mm/yyyy'), "&SUBSTITUTE(G76,",",".")&", "&N76&");" -> INSERT INTO Operacao(OperacaoID, CulturaID, ParcelaID, TipoOperacaoID, DataRealizacao, Quantidade, UnidadeID) VALUES (75, 92, 102, 2,TO_DATE('10/08/2020','dd/mm/yyyy'), 1.5, 2);
... A90: 104 | B90: Lameiro da ponte | C90: Poda | E90: Macieira Jonagored | F90: 44170 | G90: 50 | H90: un | K90: =K89+1 -> 89 | L90: =_xlfn.XLOOKUP(E90,Plantas!$V$2:$V$96,Plantas!$U$2:$U$96,0,0) -> 41 | M90: {=_xlfn.XLOOKUP(C90,_xlfn.ANCHORARRAY($B$213),$A$213:$A$220,0,0)} -> 3 | N90: =_xlfn.XLOOKUP(H90,Unidades!$C$3:$C$8,Unidades!$B$3:$B$8,0,0) -> 1 | O90: ="INSERT INTO Operacao(OperacaoID, CulturaID, ParcelaID, TipoOperacaoID, DataRealizacao, Quantidade, UnidadeID) VALUES ("&K90&", "&L90&", "&A90&", "&M90&",TO_DATE('"&TEXT(F90,"dd/mm/aaaa")&"','dd/mm/yyyy'), "&SUBSTITUTE(G90,",",".")&", "&N90&");" -> INSERT INTO Operacao(OperacaoID, CulturaID, ParcelaID, TipoOperacaoID, DataRealizacao, Quantidade, UnidadeID) VALUES (89, 41, 104, 3,TO_DATE('05/12/2020','dd/mm/yyyy'), 50, 1);
A91: 102 | B91: Campo Grande | C91: Fertilização | D91: Solo | E91: Oliveira Galega | F91: 44175 | G91: 10 | H91: kg | I91: Patentkali | K91: =K90+1 -> 90 | L91: =_xlfn.XLOOKUP(E91,Plantas!$V$2:$V$96,Plantas!$U$2:$U$96,0,0) -> 92 | M91: {=_xlfn.XLOOKUP(C91,_xlfn.ANCHORARRAY($B$213),$A$213:$A$220,0,0)} -> 4 | N91: =_xlfn.XLOOKUP(H91,Unidades!$C$3:$C$8,Unidades!$B$3:$B$8,0,0) -> 3 | O91: ="INSERT INTO Operacao(OperacaoID, CulturaID, ParcelaID, TipoOperacaoID, DataRealizacao, Quantidade, UnidadeID) VALUES ("&K91&", "&L91&", "&A91&", "&M91&",TO_DATE('"&TEXT(F91,"dd/mm/aaaa")&"','dd/mm/yyyy'), "&SUBSTITUTE(G91,",",".")&", "&N91&");" -> INSERT INTO Operacao(OperacaoID, CulturaID, ParcelaID, TipoOperacaoID, DataRealizacao, Quantidade, UnidadeID) VALUES (90, 92, 102, 4,TO_DATE('10/12/2020','dd/mm/yyyy'), 10, 3);
A92: 102 | B92: Campo Grande | C92: Fertilização | D92: Solo | E92: Oliveira Picual | F92: 44175 | G92: 7 | H92: kg | I92: Patentkali | K92: =K91+1 -> 91 | L92: =_xlfn.XLOOKUP(E92,Plantas!$V$2:$V$96,Plantas!$U$2:$U$96,0,0) -> 89 | M92: {=_xlfn.XLOOKUP(C92,_xlfn.ANCHORARRAY($B$213),$A$213:$A$220,0,0)} -> 4 | N92: =_xlfn.XLOOKUP(H92,Unidades!$C$3:$C$8,Unidades!$B$3:$B$8,0,0) -> 3 | O92: ="INSERT INTO Operacao(OperacaoID, CulturaID, ParcelaID, TipoOperacaoID, DataRealizacao, Quantidade, UnidadeID) VALUES ("&K92&", "&L92&", "&A92&", "&M92&",TO_DATE('"&TEXT(F92,"dd/mm/aaaa")&"','dd/mm/yyyy'), "&SUBSTITUTE(G92,",",".")&", "&N92&");" -> INSERT INTO Operacao(OperacaoID, CulturaID, ParcelaID, TipoOperacaoID, DataRealizacao, Quantidade, UnidadeID) VALUES (91, 89, 102, 4,TO_DATE('10/12/2020','dd/mm/yyyy'), 7, 3);
A93: 104 | B93: Lameiro da ponte | C93: Poda | E93: Macieira Jonagored | F93: 44180 | G93: 40 | H93: un | K93: =K92+1 -> 92 | L93: =_xlfn.XLOOKUP(E93,Plantas!$V$2:$V$96,Plantas!$U$2:$U$96,0,0) -> 41 | M93: {=_xlfn.XLOOKUP(C93,_xlfn.ANCHORARRAY($B$213),$A$213:$A$220,0,0)} -> 3 | N93: =_xlfn.XLOOKUP(H93,Unidades!$C$3:$C$8,Unidades!$B$3:$B$8,0,0) -> 1 | O93: ="INSERT INTO Operacao(OperacaoID, CulturaID, ParcelaID, TipoOperacaoID, DataRealizacao, Quantidade, UnidadeID) VALUES ("&K93&", "&L93&", "&A93&", "&M93&",TO_DATE('"&TEXT(F93,"dd/mm/aaaa")&"','dd/mm/yyyy'), "&SUBSTITUTE(G93,",",".")&", "&N93&");" -> INSERT INTO Operacao(OperacaoID, CulturaID, ParcelaID, TipoOperacaoID, DataRealizacao, Quantidade, UnidadeID) VALUES (92, 41, 104, 3,TO_DATE('15/12/2020','dd/mm/yyyy'), 40, 1);
A94: 104 | B94: Lameiro da ponte | C94: Poda | E94: Macieira Fuji | F94: 44180 | G94: 60 | H94: un | K94: =K93+1 -> 93 | L94: =_xlfn.XLOOKUP(E94,Plantas!$V$2:$V$96,Plantas!$U$2:$U$96,0,0) -> 37 | M94: {=_xlfn.XLOOKUP(C94,_xlfn.ANCHORARRAY($B$213),$A$213:$A$220,0,0)} -> 3 | N94: =_xlfn.XLOOKUP(H94,Unidades!$C$3:$C$8,Unidades!$B$3:$B$8,0,0) -> 1 | O94: ="INSERT INTO Operacao(OperacaoID, CulturaID, ParcelaID, TipoOperacaoID, DataRealizacao, Quantidade, UnidadeID) VALUES ("&K94&", "&L94&", "&A94&", "&M94&",TO_DATE('"&TEXT(F94,"dd/mm/aaaa")&"','dd/mm/yyyy'), "&SUBSTITUTE(G94,",",".")&", "&N94&");" -> INSERT INTO Operacao(OperacaoID, CulturaID, ParcelaID, TipoOperacaoID, DataRealizacao, Quantidade, UnidadeID) VALUES (93, 37, 104, 3,TO_DATE('15/12/2020','dd/mm/yyyy'), 60, 1);
A95: 107 | B95: Vinha | C95: Poda | E95: Videira Dona Maria | F95: 44181 | G95: 500 | H95: un | K95: =K94+1 -> 94 | L95: =_xlfn.XLOOKUP(E95,Plantas!$V$2:$V$96,Plantas!$U$2:$U$96,0,0) -> 94 | M95: {=_xlfn.XLOOKUP(C95,_xlfn.ANCHORARRAY($B$213),$A$213:$A$220,0,0)} -> 3 | N95: =_xlfn.XLOOKUP(H95,Unidades!$C$3:$C$8,Unidades!$B$3:$B$8,0,0) -> 1 | O95: ="INSERT INTO Operacao(OperacaoID, CulturaID, ParcelaID, TipoOperacaoID, DataRealizacao, Quantidade, UnidadeID) VALUES ("&K95&", "&L95&", "&A95&", "&M95&",TO_DATE('"&TEXT(F95,"dd/mm/aaaa")&"','dd/mm/yyyy'), "&SUBSTITUTE(G95,",",".")&", "&N95&");" -> INSERT INTO Operacao(OperacaoID, CulturaID, ParcelaID, TipoOperacaoID, DataRealizacao, Quantidade, UnidadeID) VALUES (94, 94, 107, 3,TO_DATE('16/12/2020','dd/mm/yyyy'), 500, 1);
A96: 106 | B96: Horta Nova | C96: Colheita | E96: Nabo S. Cosme | F96: 44183 | G96: 2500 | H96: kg | K96: =K95+1 -> 95 | L96: =_xlfn.XLOOKUP(E96,Plantas!$V$2:$V$96,Plantas!$U$2:$U$96,0,0) -> 93 | M96: {=_xlfn.XLOOKUP(C96,_xlfn.ANCHORARRAY($B$213),$A$213:$A$220,0,0)} -> 7 | N96: =_xlfn.XLOOKUP(H96,Unidades!$C$3:$C$8,Unidades!$B$3:$B$8,0,0) -> 3 | O96: ="INSERT INTO Operacao(OperacaoID, CulturaID, ParcelaID, TipoOperacaoID, DataRealizacao, Quantidade, UnidadeID) VALUES ("&K96&", "&L96&", "&A96&", "&M96&",TO_DATE('"&TEXT(F96,"dd/mm/aaaa")&"','dd/mm/yyyy'), "&SUBSTITUTE(G96,",",".")&", "&N96&");" -> INSERT INTO Operacao(OperacaoID, CulturaID, ParcelaID, TipoOperacaoID, DataRealizacao, Quantidade, UnidadeID) VALUES (95, 93, 106, 7,TO_DATE('18/12/2020','dd/mm/yyyy'), 2500, 3);
A97: 107 | B97: Vinha | C97: Poda | E97: Videira Cardinal | F97: 44183 | G97: 700 | H97: un | K97: =K96+1 -> 96 | L97: =_xlfn.XLOOKUP(E97,Plantas!$V$2:$V$96,Plantas!$U$2:$U$96,0,0) -> 95 | M97: {=_xlfn.XLOOKUP(C97,_xlfn.ANCHORARRAY($B$213),$A$213:$A$220,0,0)} -> 3 | N97: =_xlfn.XLOOKUP(H97,Unidades!$C$3:$C$8,Unidades!$B$3:$B$8,0,0) -> 1 | O97: ="INSERT INTO Operacao(OperacaoID, CulturaID, ParcelaID, TipoOperacaoID, DataRealizacao, Quantidade, UnidadeID) VALUES ("&K97&", "&L97&", "&A97&", "&M97&",TO_DATE('"&TEXT(F97,"dd/mm/aaaa")&"','dd/mm/yyyy'), "&SUBSTITUTE(G97,",",".")&", "&N97&");" -> INSERT INTO Operacao(OperacaoID, CulturaID, ParcelaID, TipoOperacaoID, DataRealizacao, Quantidade, UnidadeID) VALUES (96, 95, 107, 3,TO_DATE('18/12/2020','dd/mm/yyyy'), 700, 1);
A98: 106 | B98: Horta Nova | C98: Colheita | E98: Nabo S. Cosme | F98: 44200 | G98: 2900 | H98: kg | K98: =K97+1 -> 97 | L98: =_xlfn.XLOOKUP(E98,Plantas!$V$2:$V$96,Plantas!$U$2:$U$96,0,0) -> 93 | M98: {=_xlfn.XLOOKUP(C98,_xlfn.ANCHORARRAY($B$213),$A$213:$A$220,0,0)} -> 7 | N98: =_xlfn.XLOOKUP(H98,Unidades!$C$3:$C$8,Unidades!$B$3:$B$8,0,0) -> 3 | O98: ="INSERT INTO Operacao(OperacaoID, CulturaID, ParcelaID, TipoOperacaoID, DataRealizacao, Quantidade, UnidadeID) VALUES ("&K98&", "&L98&", "&A98&", "&M98&",TO_DATE('"&TEXT(F98,"dd/mm/aaaa")&"','dd/mm/yyyy'), "&SUBSTITUTE(G98,",",".")&", "&N98&");" -> INSERT INTO Operacao(OperacaoID, CulturaID, ParcelaID, TipoOperacaoID, DataRealizacao, Quantidade, UnidadeID) VALUES (97, 93, 106, 7,TO_DATE('04/01/2021','dd/mm/yyyy'), 2900, 3);
A99: 107 | B99: Vinha | C99: Aplicação fitofármaco | E99: Videira Dona Maria | F99: 44216 | G99: 2 | H99: kg | I99: Calda Bordalesa ASCENZA | K99: =K98+1 -> 98 | L99: =_xlfn.XLOOKUP(E99,Plantas!$V$2:$V$96,Plantas!$U$2:$U$96,0,0) -> 94 | M99: {=_xlfn.XLOOKUP(C99,_xlfn.ANCHORARRAY($B$213),$A$213:$A$220,0,0)} -> 5 | N99: =_xlfn.XLOOKUP(H99,Unidades!$C$3:$C$8,Unidades!$B$3:$B$8,0,0) -> 3 | O99: ="INSERT INTO Operacao(OperacaoID, CulturaID, ParcelaID, TipoOperacaoID, DataRealizacao, Quantidade, UnidadeID) VALUES ("&K99&", "&L99&", "&A99&", "&M99&",TO_DATE('"&TEXT(F99,"dd/mm/aaaa")&"','dd/mm/yyyy'), "&SUBSTITUTE(G99,",",".")&", "&N99&");" -> INSERT INTO Operacao(OperacaoID, CulturaID, ParcelaID, TipoOperacaoID, DataRealizacao, Quantidade, UnidadeID) VALUES (98, 94, 107, 5,TO_DATE('20/01/2021','dd/mm/yyyy'), 2, 3);
A100: 107 | B100: Vinha | C100: Aplicação fitofármaco | E100: Videira Cardinal | F100: 44216 | G100: 2.5 | H100: kg | I100: Calda Bordalesa ASCENZA | K100: =K99+1 -> 99 | L100: =_xlfn.XLOOKUP(E100,Plantas!$V$2:$V$96,Plantas!$U$2:$U$96,0,0) -> 95 | M100: {=_xlfn.XLOOKUP(C100,_xlfn.ANCHORARRAY($B$213),$A$213:$A$220,0,0)} -> 5 | N100: =_xlfn.XLOOKUP(H100,Unidades!$C$3:$C$8,Unidades!$B$3:$B$8,0,0) -> 3 | O100: ="INSERT INTO Operacao(OperacaoID, CulturaID, ParcelaID, TipoOperacaoID, DataRealizacao, Quantidade, UnidadeID) VALUES ("&K100&", "&L100&", "&A100&", "&M100&",TO_DATE('"&TEXT(F100,"dd/mm/aaaa")&"','dd/mm/yyyy'), "&SUBSTITUTE(G100,",",".")&", "&N100&");" -> INSERT INTO Operacao(OperacaoID, CulturaID, ParcelaID, TipoOperacaoID, DataRealizacao, Quantidade, UnidadeID) VALUES (99, 95, 107, 5,TO_DATE('20/01/2021','dd/mm/yyyy'), 2.5, 3);
A101: 106 | B101: Horta Nova | C101: Sementeira | E101: Cenoura Sugarsnax Hybrid | F101: 44265 | G101: 0.9 | H101: kg | K101: =K100+1 -> 100 | L101: =_xlfn.XLOOKUP(E101,Plantas!$V$2:$V$96,Plantas!$U$2:$U$96,0,0) -> 77 | M101: {=_xlfn.XLOOKUP(C101,_xlfn.ANCHORARRAY($B$213),$A$213:$A$220,0,0)} -> 6 | N101: =_xlfn.XLOOKUP(H101,Unidades!$C$3:$C$8,Unidades!$B$3:$B$8,0,0) -> 3 | O101: ="INSERT INTO Operacao(OperacaoID, CulturaID, ParcelaID, TipoOperacaoID, DataRealizacao, Quantidade, UnidadeID) VALUES ("&K101&", "&L101&", "&A101&", "&M101&",TO_DATE('"&TEXT(F101,"dd/mm/aaaa")&"','dd/mm/yyyy'), "&SUBSTITUTE(G101,",",".")&", "&N101&");" -> INSERT INTO Operacao(OperacaoID, CulturaID, ParcelaID, TipoOperacaoID, DataRealizacao, Quantidade, UnidadeID) VALUES (100, 77, 106, 6,TO_DATE('10/03/2021','dd/mm/yyyy'), 0.9, 3);
A102: 103 | B102: Campo do poço | C102: Incorporação no solo | E102: Tremoço Amarelo | F102: 44269 | G102: 1.3 | H102: ha | K102: =K101+1 -> 101 | L102: =_xlfn.XLOOKUP(E102,Plantas!$V$2:$V$96,Plantas!$U$2:$U$96,0,0) -> 80 | M102: {=_xlfn.XLOOKUP(C102,_xlfn.ANCHORARRAY($B$213),$A$213:$A$220,0,0)} -> 8 | N102: =_xlfn.XLOOKUP(H102,Unidades!$C$3:$C$8,Unidades!$B$3:$B$8,0,0) -> 4 | O102: ="INSERT INTO Operacao(OperacaoID, CulturaID, ParcelaID, TipoOperacaoID, DataRealizacao, Quantidade, UnidadeID) VALUES ("&K102&", "&L102&", "&A102&", "&M102&",TO_DATE('"&TEXT(F102,"dd/mm/aaaa")&"','dd/mm/yyyy'), "&SUBSTITUTE(G102,",",".")&", "&N102&");" -> INSERT INTO Operacao(OperacaoID, CulturaID, ParcelaID, TipoOperacaoID, DataRealizacao, Quantidade, UnidadeID) VALUES (101, 80, 103, 8,TO_DATE('14/03/2021','dd/mm/yyyy'), 1.3, 4);
A103: 101 | B103: Campo da bouça | C103: Incorporação no solo | E103: Tremoço Amarelo | F103: 44285 | G103: 1.3 | H103: ha | K103: =K102+1 -> 102 | L103: =_xlfn.XLOOKUP(E103,Plantas!$V$2:$V$96,Plantas!$U$2:$U$96,0,0) -> 80 | M103: {=_xlfn.XLOOKUP(C103,_xlfn.ANCHORARRAY($B$213),$A$213:$A$220,0,0)} -> 8 | N103: =_xlfn.XLOOKUP(H103,Unidades!$C$3:$C$8,Unidades!$B$3:$B$8,0,0) -> 4 | O103: ="INSERT INTO Operacao(OperacaoID, CulturaID, ParcelaID, TipoOperacaoID, DataRealizacao, Quantidade, UnidadeID) VALUES ("&K103&", "&L103&", "&A103&", "&M103&",TO_DATE('"&TEXT(F103,"dd/mm/aaaa")&"','dd/mm/yyyy'), "&SUBSTITUTE(G103,",",".")&", "&N103&");" -> INSERT INTO Operacao(OperacaoID, CulturaID, ParcelaID, TipoOperacaoID, DataRealizacao, Quantidade, UnidadeID) VALUES (102, 80, 101, 8,TO_DATE('30/03/2021','dd/mm/yyyy'), 1.3, 4);
A104: 103 | B104: Campo do poço | C104: Sementeira | E104: Milho MAS 24.C | F104: 44289 | G104: 1.2 | H104: ha | K104: =K103+1 -> 103 | L104: =_xlfn.XLOOKUP(E104,Plantas!$V$2:$V$96,Plantas!$U$2:$U$96,0,0) -> 82 | M104: {=_xlfn.XLOOKUP(C104,_xlfn.ANCHORARRAY($B$213),$A$213:$A$220,0,0)} -> 6 | N104: =_xlfn.XLOOKUP(H104,Unidades!$C$3:$C$8,Unidades!$B$3:$B$8,0,0) -> 4 | O104: ="INSERT INTO Operacao(OperacaoID, CulturaID, ParcelaID, TipoOperacaoID, DataRealizacao, Quantidade, UnidadeID) VALUES ("&K104&", "&L104&", "&A104&", "&M104&",TO_DATE('"&TEXT(F104,"dd/mm/aaaa")&"','dd/mm/yyyy'), "&SUBSTITUTE(G104,",",".")&", "&N104&");" -> INSERT INTO Operacao(OperacaoID, CulturaID, ParcelaID, TipoOperacaoID, DataRealizacao, Quantidade, UnidadeID) VALUES (103, 82, 103, 6,TO_DATE('03/04/2021','dd/mm/yyyy'), 1.2, 4);
A105: 101 | B105: Campo da bouça | C105: Sementeira | E105: Milho Doce Golden Bantam | F105: 44301 | G105: 30 | H105: kg | K105: =K104+1 -> 104 | L105: =_xlfn.XLOOKUP(E105,Plantas!$V$2:$V$96,Plantas!$U$2:$U$96,0,0) -> 83 | M105: {=_xlfn.XLOOKUP(C105,_xlfn.ANCHORARRAY($B$213),$A$213:$A$220,0,0)} -> 6 | N105: =_xlfn.XLOOKUP(H105,Unidades!$C$3:$C$8,Unidades!$B$3:$B$8,0,0) -> 3 | O105: ="INSERT INTO Operacao(OperacaoID, CulturaID, ParcelaID, TipoOperacaoID, DataRealizacao, Quantidade, UnidadeID) VALUES ("&K105&", "&L105&", "&A105&", "&M105&",TO_DATE('"&TEXT(F105,"dd/mm/aaaa")&"','dd/mm/yyyy'), "&SUBSTITUTE(G105,",",".")&", "&N105&");" -> INSERT INTO Operacao(OperacaoID, CulturaID, ParcelaID, TipoOperacaoID, DataRealizacao, Quantidade, UnidadeID) VALUES (104, 83, 101, 6,TO_DATE('15/04/2021','dd/mm/yyyy'), 30, 3);
A106: 104 | B106: Lameiro da ponte | C106: Fertilização | D106: Foliar | E106: Macieira | F106: 44318 | G106: 10 | H106: kg | I106: EPSO Microtop | K106: =K105+1 -> 105 | L106: =_xlfn.XLOOKUP(E106,Plantas!$V$2:$V$96,Plantas!$U$2:$U$96,0,0) -> 0 | M106: {=_xlfn.XLOOKUP(C106,_xlfn.ANCHORARRAY($B$213),$A$213:$A$220,0,0)} -> 4 | N106: =_xlfn.XLOOKUP(H106,Unidades!$C$3:$C$8,Unidades!$B$3:$B$8,0,0) -> 3 | O106: ="INSERT INTO Operacao(OperacaoID, CulturaID, ParcelaID, TipoOperacaoID, DataRealizacao, Quantidade, UnidadeID) VALUES ("&K106&", "&L106&", "&A106&", "&M106&",TO_DATE('"&TEXT(F106,"dd/mm/aaaa")&"','dd/mm/yyyy'), "&SUBSTITUTE(G106,",",".")&", "&N106&");" -> INSERT INTO Operacao(OperacaoID, CulturaID, ParcelaID, TipoOperacaoID, DataRealizacao, Quantidade, UnidadeID) VALUES (105, 0, 104, 4,TO_DATE('02/05/2021','dd/mm/yyyy'), 10, 3);
A107: 106 | B107: Horta Nova | C107: Colheita | E107: Cenoura Sugarsnax Hybrid | F107: 44321 | G107: 2200 | H107: kg | K107: =K106+1 -> 106 | L107: =_xlfn.XLOOKUP(E107,Plantas!$V$2:$V$96,Plantas!$U$2:$U$96,0,0) -> 77 | M107: {=_xlfn.XLOOKUP(C107,_xlfn.ANCHORARRAY($B$213),$A$213:$A$220,0,0)} -> 7 | N107: =_xlfn.XLOOKUP(H107,Unidades!$C$3:$C$8,Unidades!$B$3:$B$8,0,0) -> 3 | O107: ="INSERT INTO Operacao(OperacaoID, CulturaID, ParcelaID, TipoOperacaoID, DataRealizacao, Quantidade, UnidadeID) VALUES ("&K107&", "&L107&", "&A107&", "&M107&",TO_DATE('"&TEXT(F107,"dd/mm/aaaa")&"','dd/mm/yyyy'), "&SUBSTITUTE(G107,",",".")&", "&N107&");" -> INSERT INTO Operacao(OperacaoID, CulturaID, ParcelaID, TipoOperacaoID, DataRealizacao, Quantidade, UnidadeID) VALUES (106, 77, 106, 7,TO_DATE('05/05/2021','dd/mm/yyyy'), 2200, 3);
A108: 106 | B108: Horta Nova | C108: Colheita | E108: Cenoura Sugarsnax Hybrid | F108: 44331 | G108: 1400 | H108: kg | K108: =K107+1 -> 107 | L108: =_xlfn.XLOOKUP(E108,Plantas!$V$2:$V$96,Plantas!$U$2:$U$96,0,0) -> 77 | M108: {=_xlfn.XLOOKUP(C108,_xlfn.ANCHORARRAY($B$213),$A$213:$A$220,0,0)} -> 7 | N108: =_xlfn.XLOOKUP(H108,Unidades!$C$3:$C$8,Unidades!$B$3:$B$8,0,0) -> 3 | O108: ="INSERT INTO Operacao(OperacaoID, CulturaID, ParcelaID, TipoOperacaoID, DataRealizacao, Quantidade, UnidadeID) VALUES ("&K108&", "&L108&", "&A108&", "&M108&",TO_DATE('"&TEXT(F108,"dd/mm/aaaa")&"','dd/mm/yyyy'), "&SUBSTITUTE(G108,",",".")&", "&N108&");" -> INSERT INTO Operacao(OperacaoID, CulturaID, ParcelaID, TipoOperacaoID, DataRealizacao, Quantidade, UnidadeID) VALUES (107, 77, 106, 7,TO_DATE('15/05/2021','dd/mm/yyyy'), 1400, 3);
A109: 106 | B109: Horta Nova | C109: Sementeira | E109: Cenoura Danvers Half Long | F109: 44349 | G109: 0.6 | H109: kg | K109: =K108+1 -> 108 | L109: =_xlfn.XLOOKUP(E109,Plantas!$V$2:$V$96,Plantas!$U$2:$U$96,0,0) -> 75 | M109: {=_xlfn.XLOOKUP(C109,_xlfn.ANCHORARRAY($B$213),$A$213:$A$220,0,0)} -> 6 | N109: =_xlfn.XLOOKUP(H109,Unidades!$C$3:$C$8,Unidades!$B$3:$B$8,0,0) -> 3 | O109: ="INSERT INTO Operacao(OperacaoID, CulturaID, ParcelaID, TipoOperacaoID, DataRealizacao, Quantidade, UnidadeID) VALUES ("&K109&", "&L109&", "&A109&", "&M109&",TO_DATE('"&TEXT(F109,"dd/mm/aaaa")&"','dd/mm/yyyy'), "&SUBSTITUTE(G109,",",".")&", "&N109&");" -> INSERT INTO Operacao(OperacaoID, CulturaID, ParcelaID, TipoOperacaoID, DataRealizacao, Quantidade, UnidadeID) VALUES (108, 75, 106, 6,TO_DATE('02/06/2021','dd/mm/yyyy'), 0.6, 3);
A110: 106 | B110: Horta Nova | C110: Rega | E110: Cenoura Danvers Half Long | F110: 44367 | G110: 3 | H110: m3 | K110: =K109+1 -> 109 | L110: =_xlfn.XLOOKUP(E110,Plantas!$V$2:$V$96,Plantas!$U$2:$U$96,0,0) -> 75 | M110: {=_xlfn.XLOOKUP(C110,_xlfn.ANCHORARRAY($B$213),$A$213:$A$220,0,0)} -> 2 | N110: =_xlfn.XLOOKUP(H110,Unidades!$C$3:$C$8,Unidades!$B$3:$B$8,0,0) -> 2 | O110: ="INSERT INTO Operacao(OperacaoID, CulturaID, ParcelaID, TipoOperacaoID, DataRealizacao, Quantidade, UnidadeID) VALUES ("&K110&", "&L110&", "&A110&", "&M110&",TO_DATE('"&TEXT(F110,"dd/mm/aaaa")&"','dd/mm/yyyy'), "&SUBSTITUTE(G110,",",".")&", "&N110&");" -> INSERT INTO Operacao(OperacaoID, CulturaID, ParcelaID, TipoOperacaoID, DataRealizacao, Quantidade, UnidadeID) VALUES (109, 75, 106, 2,TO_DATE('20/06/2021','dd/mm/yyyy'), 3, 2);
A111: 102 | B111: Campo Grande | C111: Rega | E111: Oliveira Picual | F111: 44380 | G111: 0.8 | H111: m3 | K111: =K110+1 -> 110 | L111: =_xlfn.XLOOKUP(E111,Plantas!$V$2:$V$96,Plantas!$U$2:$U$96,0,0) -> 89 | M111: {=_xlfn.XLOOKUP(C111,_xlfn.ANCHORARRAY($B$213),$A$213:$A$220,0,0)} -> 2 | N111: =_xlfn.XLOOKUP(H111,Unidades!$C$3:$C$8,Unidades!$B$3:$B$8,0,0) -> 2 | O111: ="INSERT INTO Operacao(OperacaoID, CulturaID, ParcelaID, TipoOperacaoID, DataRealizacao, Quantidade, UnidadeID) VALUES ("&K111&", "&L111&", "&A111&", "&M111&",TO_DATE('"&TEXT(F111,"dd/mm/aaaa")&"','dd/mm/yyyy'), "&SUBSTITUTE(G111,",",".")&", "&N111&");" -> INSERT INTO Operacao(OperacaoID, CulturaID, ParcelaID, TipoOperacaoID, DataRealizacao, Quantidade, UnidadeID) VALUES (110, 89, 102, 2,TO_DATE('03/07/2021','dd/mm/yyyy'), 0.8, 2);
A112: 102 | B112: Campo Grande | C112: Rega | E112: Oliveira Galega | F112: 44380 | G112: 1.5 | H112: m3 | K112: =K111+1 -> 111 | L112: =_xlfn.XLOOKUP(E112,Plantas!$V$2:$V$96,Plantas!$U$2:$U$96,0,0) -> 92 | M112: {=_xlfn.XLOOKUP(C112,_xlfn.ANCHORARRAY($B$213),$A$213:$A$220,0,0)} -> 2 | N112: =_xlfn.XLOOKUP(H112,Unidades!$C$3:$C$8,Unidades!$B$3:$B$8,0,0) -> 2 | O112: ="INSERT INTO Operacao(OperacaoID, CulturaID, ParcelaID, TipoOperacaoID, DataRealizacao, Quantidade, UnidadeID) VALUES ("&K112&", "&L112&", "&A112&", "&M112&",TO_DATE('"&TEXT(F112,"dd/mm/aaaa")&"','dd/mm/yyyy'), "&SUBSTITUTE(G112,",",".")&", "&N112&");" -> INSERT INTO Operacao(OperacaoID, CulturaID, ParcelaID, TipoOperacaoID, DataRealizacao, Quantidade, UnidadeID) VALUES (111, 92, 102, 2,TO_DATE('03/07/2021','dd/mm/yyyy'), 1.5, 2);
A113: 104 | B113: Lameiro da ponte | C113: Rega | E113: Macieira | F113: 44382 | G113: 5 | H113: m3 | K113: =K112+1 -> 112 | L113: =_xlfn.XLOOKUP(E113,Plantas!$V$2:$V$96,Plantas!$U$2:$U$96,0,0) -> 0 | M113: {=_xlfn.XLOOKUP(C113,_xlfn.ANCHORARRAY($B$213),$A$213:$A$220,0,0)} -> 2 | N113: =_xlfn.XLOOKUP(H113,Unidades!$C$3:$C$8,Unidades!$B$3:$B$8,0,0) -> 2 | O113: ="INSERT INTO Operacao(OperacaoID, CulturaID, ParcelaID, TipoOperacaoID, DataRealizacao, Quantidade, UnidadeID) VALUES ("&K113&", "&L113&", "&A113&", "&M113&",TO_DATE('"&TEXT(F113,"dd/mm/aaaa")&"','dd/mm/yyyy'), "&SUBSTITUTE(G113,",",".")&", "&N113&");" -> INSERT INTO Operacao(OperacaoID, CulturaID, ParcelaID, TipoOperacaoID, DataRealizacao, Quantidade, UnidadeID) VALUES (112, 0, 104, 2,TO_DATE('05/07/2021','dd/mm/yyyy'), 5, 2);
A114: 106 | B114: Horta Nova | C114: Rega | E114: Cenoura Danvers Half Long | F114: 44384 | G114: 3 | H114: m3 | K114: =K113+1 -> 113 | L114: =_xlfn.XLOOKUP(E114,Plantas!$V$2:$V$96,Plantas!$U$2:$U$96,0,0) -> 75 | M114: {=_xlfn.XLOOKUP(C114,_xlfn.ANCHORARRAY($B$213),$A$213:$A$220,0,0)} -> 2 | N114: =_xlfn.XLOOKUP(H114,Unidades!$C$3:$C$8,Unidades!$B$3:$B$8,0,0) -> 2 | O114: ="INSERT INTO Operacao(OperacaoID, CulturaID, ParcelaID, TipoOperacaoID, DataRealizacao, Quantidade, UnidadeID) VALUES ("&K114&", "&L114&", "&A114&", "&M114&",TO_DATE('"&TEXT(F114,"dd/mm/aaaa")&"','dd/mm/yyyy'), "&SUBSTITUTE(G114,",",".")&", "&N114&");" -> INSERT INTO Operacao(OperacaoID, CulturaID, ParcelaID, TipoOperacaoID, DataRealizacao, Quantidade, UnidadeID) VALUES (113, 75, 106, 2,TO_DATE('07/07/2021','dd/mm/yyyy'), 3, 2);
A115: 107 | B115: Vinha | C115: Rega | E115: Videira | F115: 44387 | G115: 7 | H115: m3 | K115: =K114+1 -> 114 | L115: =_xlfn.XLOOKUP(E115,Plantas!$V$2:$V$96,Plantas!$U$2:$U$96,0,0) -> 0 | M115: {=_xlfn.XLOOKUP(C115,_xlfn.ANCHORARRAY($B$213),$A$213:$A$220,0,0)} -> 2 | N115: =_xlfn.XLOOKUP(H115,Unidades!$C$3:$C$8,Unidades!$B$3:$B$8,0,0) -> 2 | O115: ="INSERT INTO Operacao(OperacaoID, CulturaID, ParcelaID, TipoOperacaoID, DataRealizacao, Quantidade, UnidadeID) VALUES ("&K115&", "&L115&", "&A115&", "&M115&",TO_DATE('"&TEXT(F115,"dd/mm/aaaa")&"','dd/mm/yyyy'), "&SUBSTITUTE(G115,",",".")&", "&N115&");" -> INSERT INTO Operacao(OperacaoID, CulturaID, ParcelaID, TipoOperacaoID, DataRealizacao, Quantidade, UnidadeID) VALUES (114, 0, 107, 2,TO_DATE('10/07/2021','dd/mm/yyyy'), 7, 2);
A116: 103 | B116: Campo do poço | C116: Rega | E116: Milho MAS 24.C | F116: 44389 | G116: 15 | H116: m3 | K116: =K115+1 -> 115 | L116: =_xlfn.XLOOKUP(E116,Plantas!$V$2:$V$96,Plantas!$U$2:$U$96,0,0) -> 82 | M116: {=_xlfn.XLOOKUP(C116,_xlfn.ANCHORARRAY($B$213),$A$213:$A$220,0,0)} -> 2 | N116: =_xlfn.XLOOKUP(H116,Unidades!$C$3:$C$8,Unidades!$B$3:$B$8,0,0) -> 2 | O116: ="INSERT INTO Operacao(OperacaoID, CulturaID, ParcelaID, TipoOperacaoID, DataRealizacao, Quantidade, UnidadeID) VALUES ("&K116&", "&L116&", "&A116&", "&M116&",TO_DATE('"&TEXT(F116,"dd/mm/aaaa")&"','dd/mm/yyyy'), "&SUBSTITUTE(G116,",",".")&", "&N116&");" -> INSERT INTO Operacao(OperacaoID, CulturaID, ParcelaID, TipoOperacaoID, DataRealizacao, Quantidade, UnidadeID) VALUES (115, 82, 103, 2,TO_DATE('12/07/2021','dd/mm/yyyy'), 15, 2);
A117: 107 | B117: Vinha | C117: Colheita | E117: Videira Dona Maria | F117: 44392 | G117: 300 | H117: kg | K117: =K116+1 -> 116 | L117: =_xlfn.XLOOKUP(E117,Plantas!$V$2:$V$96,Plantas!$U$2:$U$96,0,0) -> 94 | M117: {=_xlfn.XLOOKUP(C117,_xlfn.ANCHORARRAY($B$213),$A$213:$A$220,0,0)} -> 7 | N117: =_xlfn.XLOOKUP(H117,Unidades!$C$3:$C$8,Unidades!$B$3:$B$8,0,0) -> 3 | O117: ="INSERT INTO Operacao(OperacaoID, CulturaID, ParcelaID, TipoOperacaoID, DataRealizacao, Quantidade, UnidadeID) VALUES ("&K117&", "&L117&", "&A117&", "&M117&",TO_DATE('"&TEXT(F117,"dd/mm/aaaa")&"','dd/mm/yyyy'), "&SUBSTITUTE(G117,",",".")&", "&N117&");" -> INSERT INTO Operacao(OperacaoID, CulturaID, ParcelaID, TipoOperacaoID, DataRealizacao, Quantidade, UnidadeID) VALUES (116, 94, 107, 7,TO_DATE('15/07/2021','dd/mm/yyyy'), 300, 3);
A118: 107 | B118: Vinha | C118: Colheita | E118: Videira Dona Maria | F118: 44397 | G118: 400 | H118: kg | K118: =K117+1 -> 117 | L118: =_xlfn.XLOOKUP(E118,Plantas!$V$2:$V$96,Plantas!$U$2:$U$96,0,0) -> 94 | M118: {=_xlfn.XLOOKUP(C118,_xlfn.ANCHORARRAY($B$213),$A$213:$A$220,0,0)} -> 7 | N118: =_xlfn.XLOOKUP(H118,Unidades!$C$3:$C$8,Unidades!$B$3:$B$8,0,0) -> 3 | O118: ="INSERT INTO Operacao(OperacaoID, CulturaID, ParcelaID, TipoOperacaoID, DataRealizacao, Quantidade, UnidadeID) VALUES ("&K118&", "&L118&", "&A118&", "&M118&",TO_DATE('"&TEXT(F118,"dd/mm/aaaa")&"','dd/mm/yyyy'), "&SUBSTITUTE(G118,",",".")&", "&N118&");" -> INSERT INTO Operacao(OperacaoID, CulturaID, ParcelaID, TipoOperacaoID, DataRealizacao, Quantidade, UnidadeID) VALUES (117, 94, 107, 7,TO_DATE('20/07/2021','dd/mm/yyyy'), 400, 3);
...

Sheet Unidades
A1: {=_xlfn.UNIQUE(Operações!H2:H134)} -> un | B1: Unidade
A2: m3 | B2: ID | C2: Designaçao | E2: ="INSERT INTO Unidade(UnidadeID, DESCRICAOUNIDADE) VALUES ("&B3&", '"&C3&"');" -> INSERT INTO Unidade(UnidadeID, DESCRICAOUNIDADE) VALUES (1, 'un'); | F2: 1
A3: kg | B3: 1 | C3: {=IF(D3=0,NULL,D3)} -> un | D3: {=_xlfn.UNIQUE(A1:A10)} -> un | E3: ="INSERT INTO Unidade(UnidadeID, DESCRICAOUNIDADE) VALUES ("&B4&", '"&C4&"');" -> INSERT INTO Unidade(UnidadeID, DESCRICAOUNIDADE) VALUES (2, 'm3');
A4: ha | B4: =1+B3 -> 2 | C4: {=IF(D4=0,NULL,D4)} -> m3 | D4: m3 | E4: ="INSERT INTO Unidade(UnidadeID, DESCRICAOUNIDADE) VALUES ("&B5&", '"&C5&"');" -> INSERT INTO Unidade(UnidadeID, DESCRICAOUNIDADE) VALUES (3, 'kg');
A5: {=_xlfn.UNIQUE(Culturas!H2:H28)} -> ha | B5: 3 | C5: {=IF(D5=0,NULL,D5)} -> kg | D5: kg | E5: ="INSERT INTO Unidade(UnidadeID, DESCRICAOUNIDADE) VALUES ("&B6&", '"&C6&"');" -> INSERT INTO Unidade(UnidadeID, DESCRICAOUNIDADE) VALUES (4, 'ha');
A6: un | B6: 4 | C6: {=IF(D6=0,NULL,D6)} -> ha | D6: ha | E6: ="INSERT INTO Unidade(UnidadeID, DESCRICAOUNIDADE) VALUES ("&B7&", '"&C7&"');" -> INSERT INTO Unidade(UnidadeID, DESCRICAOUNIDADE) VALUES (5, 'm2');
A7: {=_xlfn.UNIQUE('Exploração agrícola'!E2:E14)} -> ha | B7: 5 | C7: {=IF(D7=0,NULL,D7)} -> m2 | D7: m2
A8: m2 | D8: 0
A9: 0
A10: m3
